Meeting,Race Number,Race Name,Distance,Prize Money,Class,Apprentice Claim,Time,Date,Tab Number,Form,Last Finish pos,Last-1 Finish pos,Last-2 Finish pos,Last-3 Finish pos,Horse,BP,Weight,odds,Wrat,Trat,Starts,Wins,Places,win%,Place%,Class Change,Field Strength,Distance Change,Average Prizemoney,Days Since Last Start,Course Wins,Course Places,Course Starts,Distance Wins,Distance Places,Distance Starts,Course/Dist Wins,Course/Dist Places,Course/Dist Starts,Firm Wins,Firm Places,Firm Starts,Good Wins,Good Places,Good Starts,Soft Wins,Soft Places,Soft Starts,Heavy Wins,Heavy Places,Heavy Starts,Wizard Panel,Wtime Panel,Best Form Panel,Recent Form Panel,Distance Panel,Class Panel,Consensus Panel,Consensus Points,Trainer, age,sex,Jockey,Allowance,Espd,Pace,Impact Form,Impact Fit,Impact Dist,ATPG Age,ATPG Trainer,RFS,1Up Wins,1Up Places,1Up Starts,2Up Wins,2Up Places,2Up Starts,3Up Wins,3Up Places,3Up Starts,4Up Wins,4Up Places,4Up Starts,5Up Wins,5Up Places,5Up Starts,6Up Wins,6Up Places,6Up Starts,7+Up Wins,7+Up Places,7+Up Starts,Cur RFS Wins,Cur RFS Places,Cur RFS Starts,Cur RFS Date1,Cur RFS Base1,Cur RFS WFA1,Cur RFS Date2,Cur RFS Base2,Cur RFS WFA2,Cur RFS Date3,Cur RFS Base3,Cur RFS WFA3,Cur Peak,Cur Peak Date,Last Peak,Last Peak Date,Prev Peak,Prev Peak Date,Dist Peak,Dist Peak Date,Wet Peak,Wet Peak Date,Win Distances,Sim Company Wins,Sim Company Places,Sim Company Starts,Strong Company Wins,Strong Company Places,Strong Company Starts,Last Base Rating,Last WFA Rating,Last Date,Last Finish Position,Last-1 Base Rating,Last-1 WFA Rating,Last-1 Date,Last-1 Finish Position,Last-2 Base Rating,Last-2 WFA Rating,Last-2 Date,Last-2 Finish Position,Last-3 Base Rating,Last-3 WFA Rating,Last-3 Date,Last-3 Finish Position,Last-4 Base Rating,Last-4 WFA Rating,Last-4 Date,Last-4 Finish Position,Last-5 Base Rating,Last-5 WFA Rating,Last-5 Date,Last-5 Finish Position,Last-6 Base Rating,Last-6 WFA Rating,Last-6 Date,Last-6 Finish Position,Last-7 Base Rating,Last-7 WFA Rating,Last-7 Date,Last-7 Finish Position,Last Win Base Rating,Last Win WFA Rating,Last Win Date,Last Win-1 Base Rating,Last Win-1 WFA Rating,Last Win-1 Date,Last Win-2 Base Rating,Last Win-2 WFA Rating,Last Win-2 Date,Last Win-3 Base Rating,Last Win-3 WFA Rating,Last Win-3 Date,Last Win-4 Base Rating,Last Win-4 WFA Rating,Last Win-4 Date,Last Win-5 Base Rating,Last Win-5 WFA Rating,Last Win-5 Date,Joc Loc12m Wins,Joc Loc12m Places,Joc Loc12m Starts,Joc Ovrl12m Wins,Joc Ovrl12m Places,Joc Ovrl12m Starts,Joc/Horse Wins,Joc/Horse Places,Joc/Horse Starts,Trn Loc12m Wins,Trn Loc12m Places,Trn Loc12m Starts,Trn Loc5y Wins,Trn Loc5y Places,Trn Loc5y Starts,Trn Ovrl12m Wins,Trn Ovrl12m Places,Trn Ovrl12m Starts,Joc/Trn Wins,Joc/Trn Places,Joc/Trn Starts,Last Dist,Last Margin,Last Weight,Last-1 Dist,Last-1 Margin,Last-1 Weight,Last-2 Dist,Last-2 Margin,Last-2 Weight,Last-3 Dist,Last-3 Margin,Last-3 Weight,Last Crse,Last Class,Last-1 Crse,Last-1 Class,Last-2 Crse,Last-2 Class,Last-3 Crse,Last-3 Class,Sire,Dam,G Sire,Trainer Location,Course Peak,Course Peak Date,Last SP,Last-1 SP,Last-2 SP,Last-3 SP,Scratched,Last Win Dte,Last Win Days,Last-1 Win Date,Last-1 WinDays,Last-2 Win Date,Last-2 Win Days,Last-3 Win Date,Last-3 WinDays,Last-4 Win Date,Last-4 Win Days,Last-5 Win Date,Last-5 WinDays,1Fav Wins,1Fav Places,1Fav Starts,2Fav Wins,2Fav Places,2Fav Starts,3-5Fav Wins,3-5Fav Places,3-5Fav Starts,6+Fav Wins,6+Fav Places,6+Fav Starts,Last-4 Weight,Last-5 Weight,Last-6 Weight,Last-7 Weight,
RANDWICK INS,1,DRINKWISE MAIDEN PLATE,1000,"60,000",2F-MSW,Claim,02.00 pm,25/10/2023,1,'   x,,,,,ASTERIDE,5,56.0,1.00,00,00,0,0,0,,,,,,0,0,0,0,0,0,0,0,0,0,0,0,0,0,0,0,0,0,0,0,0,0,0,0,0,0,0,0,0,,,R & L PRICE,2,F,Brock Ryan,,na,na,na,na,na,A,na,,,,,,,,,,,,,,,,,,,,,,,,,,,,,,,,,,,,,,,,,,,,,,,,,,,,,,,,,,,,,,,,,,,,,,,,,,,,,,,,,,,,,,,,,,,,,,,,,,,,,,10,26,126,39,69,324,0,0,0,5,11,70,19,48,194,41,79,374,13,23,60,,,,,,,,,,,,,,,,,,,,,ASTERN,ESSIE'S PRIDE,MURTAJILL,KEMBLA GRANGE,,,,,,,,,,,,,,,,,,,,,,,,,,,,,,,,,,,,
RANDWICK INS,1,DRINKWISE MAIDEN PLATE,1000,"60,000",2F-MSW,Claim,02.00 pm,25/10/2023,2,'   x,,,,,BETTA BEING SINGLE,7,56.0,1.00,00,00,0,0,0,,,,,,0,0,0,0,0,0,0,0,0,0,0,0,0,0,0,0,0,0,0,0,0,0,0,0,0,0,0,0,0,,,G WATERHOUSE & A BOTT,2,F,Tim Clark,,na,na,na,na,na,A,A,,,,,,,,,,,,,,,,,,,,,,,,,,,,,,,,,,,,,,,,,,,,,,,,,,,,,,,,,,,,,,,,,,,,,,,,,,,,,,,,,,,,,,,,,,,,,,,,,,,,,,49,83,357,81,133,522,0,0,0,111,128,540,348,507,1974,188,210,861,35,46,162,,,,,,,,,,,,,,,,,,,,,BETTER THAN READY,NOT A SINGLE WOMAN,NOT A SINGLE DOUBT,RANDWICK,,,,,,,,,,,,,,,,,,,,,,,,,,,,,,,,,,,,
RANDWICK INS,1,DRINKWISE MAIDEN PLATE,1000,"60,000",2F-MSW,Claim,02.00 pm,25/10/2023,3,'   x,,,,,GAI'S ARTIST,2,56.0,1.00,00,00,0,0,0,,,,,,0,0,0,0,0,0,0,0,0,0,0,0,0,0,0,0,0,0,0,0,0,0,0,0,0,0,0,0,0,,,G RYAN & S ALEXIOU,2,F,Tyler Schiller,,na,na,na,na,na,A,D,,,,,,,,,,,,,,,,,,,,,,,,,,,,,,,,,,,,,,,,,,,,,,,,,,,,,,,,,,,,,,,,,,,,,,,,,,,,,,,,,,,,,,,,,,,,,,,,,,,,,,63,130,584,125,246,1045,0,0,0,25,63,228,88,171,607,69,128,475,3,8,31,,,,,,,,,,,,,,,,,,,,,SNITZEL,TREPPES,DOMESDAY,ROSEHILL,,,,,,,,,,,,,,,,,,,,,,,,,,,,,,,,,,,,
RANDWICK INS,1,DRINKWISE MAIDEN PLATE,1000,"60,000",2F-MSW,Claim,02.00 pm,25/10/2023,4,'   x,,,,,HELL'S VIXEN,3,56.0,1.00,00,00,0,0,0,,,,,,0,0,0,0,0,0,0,0,0,0,0,0,0,0,0,0,0,0,0,0,0,0,0,0,0,0,0,0,0,,,M C CONNERS,2,F,J. R. Collett,,na,na,na,na,na,A,na,,,,,,,,,,,,,,,,,,,,,,,,,,,,,,,,,,,,,,,,,,,,,,,,,,,,,,,,,,,,,,,,,,,,,,,,,,,,,,,,,,,,,,,,,,,,,,,,,,,,,,57,124,497,102,201,763,0,0,0,3,5,42,12,19,112,10,21,136,0,1,5,,,,,,,,,,,,,,,,,,,,,HELLBENT,MALMOOSA,FOXWEDGE,WARWICK FARM,,,,,,,,,,,,,,,,,,,,,,,,,,,,,,,,,,,,
RANDWICK INS,1,DRINKWISE MAIDEN PLATE,1000,"60,000",2F-MSW,Claim,02.00 pm,25/10/2023,5,'   x,,,,,PETAWAWA,4,56.0,1.00,00,00,0,0,0,,,,,,0,0,0,0,0,0,0,0,0,0,0,0,0,0,0,0,0,0,0,0,0,0,0,0,0,0,0,0,0,,,R & L PRICE,2,F,Tommy Berry,,na,na,na,na,na,A,na,,,,,,,,,,,,,,,,,,,,,,,,,,,,,,,,,,,,,,,,,,,,,,,,,,,,,,,,,,,,,,,,,,,,,,,,,,,,,,,,,,,,,,,,,,,,,,,,,,,,,,16,35,155,23,55,209,0,0,0,5,11,70,19,48,194,41,79,374,0,1,2,,,,,,,,,,,,,,,,,,,,,WRITTEN TYCOON,SHESEES EVERYTHING,STAR WITNESS,KEMBLA GRANGE,,,,,,,,,,,,,,,,,,,,,,,,,,,,,,,,,,,,
RANDWICK INS,1,DRINKWISE MAIDEN PLATE,1000,"60,000",2F-MSW,Claim,02.00 pm,25/10/2023,6,'   x,,,,,SERIAL OFFENDER,,56.0,,,,0,0,0,,,,,,0,0,0,0,0,0,0,0,0,0,0,0,0,0,0,0,0,0,0,0,0,0,0,0,0,0,0,0,0,,,MATTHEW DALE,2,F,,,na,na,na,na,na,A,na,,,,,,,,,,,,,,,,,,,,,,,,,,,,,,,,,,,,,,,,,,,,,,,,,,,,,,,,,,,,,,,,,,,,,,,,,,,,,,,,,,,,,,,,,,,,,,,,,,,,,,0,0,0,0,0,0,0,0,0,6,14,79,39,70,294,34,59,257,0,0,0,,,,,,,,,,,,,,,,,,,,,BETTER THAN READY,SERIAL,SEPOY,GOULBURN,,,,,,,Scratched,,,,,,,,,,,,,,,,,,,,,,,,,,,,,
RANDWICK INS,1,DRINKWISE MAIDEN PLATE,1000,"60,000",2F-MSW,Claim,02.00 pm,25/10/2023,7,'   x,,,,,SWEET TREATS,6,56.0,1.00,00,00,0,0,0,,,,,,0,0,0,0,0,0,0,0,0,0,0,0,0,0,0,0,0,0,0,0,0,0,0,0,0,0,0,0,0,,,DANIELLE SEIB,2,F,Jean Van Overmeire,,na,na,na,na,na,A,na,,,,,,,,,,,,,,,,,,,,,,,,,,,,,,,,,,,,,,,,,,,,,,,,,,,,,,,,,,,,,,,,,,,,,,,,,,,,,,,,,,,,,,,,,,,,,,,,,,,,,,8,12,92,70,101,556,0,0,0,4,5,44,6,11,58,26,31,176,3,5,21,,,,,,,,,,,,,,,,,,,,,CASTELVECCHIO,COCONUT DREAM,DENMAN,GOULBURN,,,,,,,,,,,,,,,,,,,,,,,,,,,,,,,,,,,,
RANDWICK INS,2,VALE BETTY LANE HOLLAND MDN PLATE,1300,"100,000",3Y-MSW,Claim,02.35 pm,25/10/2023,1,'0x53,3,5,0,,ARMED FORCES,,57.0,,,,5,0,2,0,40,,,,15375,26,0,0,0,0,2,4,0,0,0,0,0,0,0,2,4,0,0,0,0,0,1,1,2,1,1,1,1,,,C J WALLER,3,C,,,M3,M4,1.29,1.17,1.05,A,A,3,0,0,2,0,2,2,0,0,1,0,0,0,0,0,0,0,0,0,0,0,0,0,0,1,27/05/2023,32.5,36.0,,,,,,,41.0,29/09/23,43.5,13/05/23,,,43.5,13/05/23,30.0,29/04/23,,0,0,0,0,2,5,40.5,41.0,29/09/2023,3,38.5,39.0,09/09/2023,5,32.5,36.0,27/05/2023,12,39.5,43.5,13/05/2023,2,25.5,30.0,29/04/2023,7,,,,,,,,,,,,,,,,,,,,,,,,,,,,,,,0,0,0,0,0,0,0,0,0,138,256,1302,907,1652,6144,284,481,2322,0,0,0,1200,0.9,56.0,1200,2.3,56.0,1400,6.0,57.0,1200,0.1,57.0,MVAL,3Y-SWP,MVAL,3YO-LR,EFRM,2YO-G2,DOOM,2YO-G2,I AM INVINCIBLE,ROYAL MISSILE,SMART MISSILE,ROSEHILL,,,6.00,21.00,11.00,15.00,Scratched,,,,,,,,,,,,,0,0,0,0,0,0,0,1,3,0,1,2,56.5,,,,
RANDWICK INS,2,VALE BETTY LANE HOLLAND MDN PLATE,1300,"100,000",3Y-MSW,Claim,02.35 pm,25/10/2023,2,'  25,5,2,,,DOLZINO,,57.0,,,,2,0,1,0,50,,,,4900,21,0,0,1,0,1,2,0,0,1,0,0,0,0,1,2,0,0,0,0,0,0,6,5,3,3,5,5,,,ROBERT QUINN,3,G,,,F2,F2,0.91,1.01,1.05,A,na,3,0,1,1,0,0,1,0,0,0,0,0,0,0,0,0,0,0,0,0,0,0,0,0,0,,,,,,,,,,34.0,14/09/23,,,,,34.0,14/09/23,,,,0,0,1,0,0,0,32.0,32.0,04/10/2023,5,33.5,34.0,14/09/2023,2,,,,,,,,,,,,,,,,,,,,,,,,,,,,,,,,,,,,,,,,,,,0,0,0,0,0,0,0,0,0,1,2,25,4,8,36,5,29,115,0,0,0,1400,3.2,56.5,1300,1.3,56.5,,,,,,,RANI,3Y+MSW,KEMB,MAIDEN,,,,,PARIAH,CIAVENNA (IRE),CANFORD CLIFFS (IRE),WARWICK FARM,32.0,04/10/23,13.00,41.00,,,Scratched,,,,,,,,,,,,,0,0,0,0,0,0,0,0,0,0,1,2,,,,,
RANDWICK INS,2,VALE BETTY LANE HOLLAND MDN PLATE,1300,"100,000",3Y-MSW,Claim,02.35 pm,25/10/2023,3,'632x,2,3,6,,SLY BOOTS,5,57.0,4.20,96,91,3,0,2,0,67,eq,+ 3.0,dn,3850,155,0,0,0,0,2,3,0,0,0,0,0,0,0,0,0,0,2,3,0,0,0,3,3,5,0,3,4,2,13,G WATERHOUSE & A BOTT,3,G,Regan Bayliss,,M6,B6,1.04,0.89,0.98,A,A,1,0,0,1,0,1,1,0,1,1,0,0,0,0,0,0,0,0,0,0,0,0,0,0,1,19/04/2023,24.5,29.0,,,,,,,,,36.5,04/05/23,,,36.5,04/05/23,36.5,04/05/23,,0,0,1,0,1,1,31.0,34.5,23/05/2023,2,32.5,36.5,04/05/2023,3,24.5,29.0,19/04/2023,6,,,,,,,,,,,,,,,,,,,,,,,,,,,,,,,,,,,,,,,26,47,305,40,68,448,0,1,1,111,128,540,348,507,1974,188,210,861,22,24,99,1400,0.1,57.0,1200,1.3,57.0,1200,5.1,56.5,,,,KEMB,2Y-MDN,WAGA,2YO,WFRM,2Y-MDN,,,TORONADO (IRE),MISS SOFTHANDS,BEL ESPRIT,RANDWICK,,,2.00,4.50,9.00,,,,,,,,,,,,,,,0,1,1,0,0,0,0,1,1,0,0,1,,,,,
RANDWICK INS,2,VALE BETTY LANE HOLLAND MDN PLATE,1300,"100,000",3Y-MSW,Claim,02.35 pm,25/10/2023,4,'33x5,5,3,3,,STAND ASIDE,7,57.0,8.00,88,78,3,0,2,0,67,eq,+ 3.5,up,7300,14,0,0,0,0,1,2,0,0,0,0,0,0,0,1,2,0,1,1,0,0,0,5,6,4,7,4,3,3,11,G WATERHOUSE & A BOTT,3,C,A. Hyeronimus,,M4,M4,0.79,0.82,1.05,A,A,2,0,1,2,0,1,1,0,0,0,0,0,0,0,0,0,0,0,0,0,0,0,0,1,1,03/06/2023,31.5,34.5,,,,,,,26.0,11/10/23,34.5,03/06/23,,,34.5,03/06/23,34.0,17/05/23,,0,1,2,0,1,1,26.0,26.0,11/10/2023,5,31.5,34.5,03/06/2023,3,30.5,34.0,17/05/2023,3,,,,,,,,,,,,,,,,,,,,,,,,,,,,,,,,,,,,,,,20,31,170,40,56,262,0,0,1,111,128,540,348,507,1974,188,210,861,22,21,71,1200,5.4,57.0,1300,3.1,56.5,1100,1.2,58.0,,,,WFRM,3Y-MSW,ROSE,2YO,WFRM,2Y-MDN,,,CAPITALIST,JANAST,REDOUTE'S CHOICE,RANDWICK,,,9.00,4.20,4.00,,,,,,,,,,,,,,,0,0,0,0,2,2,0,0,1,0,0,0,,,,,
RANDWICK INS,2,VALE BETTY LANE HOLLAND MDN PLATE,1300,"100,000",3Y-MSW,Claim,02.35 pm,25/10/2023,5,'   2,2,,,,TAIPAN LEGEND,6,57.0,2.70,100,100,1,0,1,0,100,eq,+  .5,up,8000,18,0,0,0,0,1,1,0,0,0,0,0,0,0,1,1,0,0,0,0,0,0,2,1,2,2,2,2,1,24,RICHARD & WILL FREEDMAN,3,G,J. Parr,,F1,O2,1.03,1.14,1.05,A,E,2,0,1,1,0,0,0,0,0,0,0,0,0,0,0,0,0,0,0,0,0,0,0,0,0,,,,,,,,,,35.5,07/10/23,,,,,35.5,07/10/23,,,,0,0,0,0,0,0,35.5,35.5,07/10/2023,2,,,,,,,,,,,,,,,,,,,,,,,,,,,,,,,,,,,,,,,,,,,,,,,23,53,239,53,93,402,0,0,0,5,27,92,11,40,137,48,97,347,1,5,15,1200,0.8,56.5,,,,,,,,,,KEMB,3Y+MSW,,,,,,,WRITTEN TYCOON,RAHY STORM (USA),RAHY (USA),ROSEHILL,,,2.80,,,,,,,,,,,,,,,,,0,1,1,0,0,0,0,0,0,0,0,0,,,,,
RANDWICK INS,2,VALE BETTY LANE HOLLAND MDN PLATE,1300,"100,000",3Y-MSW,Claim,02.35 pm,25/10/2023,6,' 44x,4,4,,,VANQUISHED,4,57.0,5.00,94,83,2,0,0,0,0,eq,+ 1.0,up,3475,175,0,0,0,0,0,2,0,0,0,0,0,0,0,0,0,0,0,2,0,0,0,4,4,9,0,6,8,4,5,G WATERHOUSE & A BOTT,3,G,B. Prebble,,G2,O2,0.70,0.89,0.98,A,A,1,0,0,1,0,0,1,0,0,0,0,0,0,0,0,0,0,0,0,0,0,0,0,0,1,19/04/2023,28.0,32.5,,,,,,,,,32.5,19/04/23,,,32.5,19/04/23,32.5,19/04/23,,0,0,2,0,0,0,26.5,30.5,03/05/2023,4,28.0,32.5,19/04/2023,4,,,,,,,,,,,,,,,,,,,,,,,,,,,,,,,,,,,,,,,,,,,24,60,277,40,98,391,0,0,0,111,128,540,348,507,1974,188,210,861,8,10,34,1200,3.4,56.0,1200,2.7,56.5,,,,,,,CANT,2Y-MSW,WFRM,2Y-MDN,,,,,VANCOUVER,POCKET POWER (USA),GIANT'S CAUSEWAY (USA),RANDWICK,,,3.70,5.00,,,,,,,,,,,,,,,,0,0,0,0,0,1,0,0,1,0,0,0,,,,,
RANDWICK INS,2,VALE BETTY LANE HOLLAND MDN PLATE,1300,"100,000",3Y-MSW,Claim,02.35 pm,25/10/2023,7,'   x,,,,,CHEERGAL,1,55.0,NA,00,00,0,0,0,,,,,,0,0,0,0,0,0,0,0,0,0,0,0,0,0,0,0,0,0,0,0,0,0,0,0,0,0,0,0,0,,,ANNABEL NEASHAM,3,F,Jett Stanley,a2.0,na,na,na,na,na,B,A,,,,,,,,,,,,,,,,,,,,,,,,,,,,,,,,,,,,,,,,,,,,,,,,,,,,,,,,,,,,,,,,,,,,,,,,,,,,,,,,,,,,,,,,,,,,,,,,,,,,,,11,25,116,62,126,497,0,0,0,44,79,325,119,233,775,175,317,1094,16,30,76,,,,,,,,,,,,,,,,,,,,,SO YOU THINK (NZ),BRING CHEER,SEBRING,WARWICK FARM,,,,,,,,,,,,,,,,,,,,,,,,,,,,,,,,,,,,
RANDWICK INS,2,VALE BETTY LANE HOLLAND MDN PLATE,1300,"100,000",3Y-MSW,Claim,02.35 pm,25/10/2023,8,'   6,6,,,,DEEBUZ,3,55.0,26.00,75,65,1,0,0,0,0,eq,+ 1.0,up,1150,17,0,0,0,0,0,0,0,0,0,0,0,0,0,0,1,0,0,0,0,0,0,8,9,8,6,7,7,,,BRAD WIDDUP,3,F,Rachel King,,S8,M7,0.67,1.38,1.13,B,D,2,0,0,1,0,0,0,0,0,0,0,0,0,0,0,0,0,0,0,0,0,0,0,0,0,,,,,,,,,,32.5,08/10/23,,,,,,,,,,0,0,0,0,0,0,32.5,32.5,08/10/2023,6,,,,,,,,,,,,,,,,,,,,,,,,,,,,,,,,,,,,,,,,,,,,,,,26,62,362,52,115,616,0,0,1,18,25,135,54,113,400,60,107,448,0,2,5,1100,3.0,55.5,,,,,,,,,,HAWK,FM-MSW,,,,,,,DUNDEEL (NZ),ABSOLUTE PLEASURE,TRADE FAIR (GB),HAWKESBURY,,,51.00,,,,,,,,,,,,,,,,,0,0,0,0,0,0,0,0,0,0,0,1,,,,,
RANDWICK INS,2,VALE BETTY LANE HOLLAND MDN PLATE,1300,"100,000",3Y-MSW,Claim,02.35 pm,25/10/2023,9,'   8,8,,,,INQUISITIVE LEGEND,,55.0,,,,1,0,0,0,0,,,,1050,17,0,0,0,0,0,0,0,0,0,0,0,0,0,0,1,0,0,0,0,0,0,9,8,7,5,9,9,,,LEE & CHERIE CURTIS,3,F,,,M5,O4,0.39,1.04,1.13,B,A,2,0,0,1,0,0,0,0,0,0,0,0,0,0,0,0,0,0,0,0,0,0,0,0,0,,,,,,,,,,30.5,08/10/23,,,,,,,,,,0,0,0,0,0,0,30.5,30.5,08/10/2023,8,,,,,,,,,,,,,,,,,,,,,,,,,,,,,,,,,,,,,,,,,,,,,,,0,0,0,0,0,0,0,0,0,2,7,52,4,9,55,8,19,114,0,0,0,1100,4.2,55.5,,,,,,,,,,HAWK,FM-MSW,,,,,,,ZOUSTAR,ASK ME HOW I KNOW,NOT A SINGLE DOUBT,ROSEHILL,,,21.00,,,,Scratched,,,,,,,,,,,,,0,0,0,0,0,0,0,0,0,0,0,1,,,,,
RANDWICK INS,2,VALE BETTY LANE HOLLAND MDN PLATE,1300,"100,000",3Y-MSW,Claim,02.35 pm,25/10/2023,10,'  63,3,6,,,PAJANTI,2,55.0,17.00,80,72,2,0,1,0,50,eq,+ 3.5,up,5450,14,0,0,0,0,1,1,0,0,0,0,0,0,0,1,1,0,0,1,0,0,0,7,7,6,4,8,6,,,G RYAN & S ALEXIOU,3,F,Tim Clark,,M5,M5,0.98,0.87,0.92,B,A,3,0,0,1,0,1,1,0,0,0,0,0,0,0,0,0,0,0,0,0,0,0,0,0,0,,,,,,,,,,34.5,28/09/23,,,,,27.5,11/10/23,34.5,28/09/23,,0,1,1,0,0,0,27.5,27.5,11/10/2023,3,34.0,34.5,28/09/2023,6,,,,,,,,,,,,,,,,,,,,,,,,,,,,,,,,,,,,,,,,,,,49,83,357,81,133,522,0,0,0,25,63,228,88,171,607,69,128,475,8,11,36,1200,4.7,55.5,1100,2.4,56.5,,,,,,,WFRM,3Y-MSW,WYON,FM-MDN,,,,,PIERRO,CRYSTAL FLUTE,ENCOSTA DE LAGO,ROSEHILL,,,13.00,3.50,,,,,,,,,,,,,,,,0,0,1,0,0,0,0,1,1,0,0,0,,,,,
RANDWICK INS,3,JAMES SQUIRE (BM78),2400,"60,000",BM-78,Claim,03.10 pm,25/10/2023,1,'6231,1,3,2,6,CASUAL CONNECTION (NZ),6,59.0,4.50,100,100,18,4,7,22,39,up,+  .0,eq,9008,14,0,1,1,2,2,5,0,1,1,0,0,0,2,2,7,1,4,7,1,1,4,1,1,3,2,1,2,1,20,J G SARGENT,5,G,L. Magorrian,,M4,O3,1.10,1.01,1.13,A,C,7,0,1,3,1,1,3,1,0,3,0,1,3,0,3,3,2,0,2,0,1,1,0,1,1,25/04/2023,39.5,40.5,,,,,,,44.5,11/10/23,44.0,14/03/23,42.0,22/10/22,44.5,11/10/23,44.0,14/03/23,1600 (2) 2400 (2),1,1,3,0,0,0,44.5,44.5,11/10/2023,1,42.5,42.5,02/10/2023,3,43.5,43.5,20/09/2023,2,36.5,36.5,09/09/2023,6,39.5,39.5,26/08/2023,6,40.5,40.5,12/08/2023,9,39.5,40.5,25/04/2023,3,41.5,42.5,10/04/2023,1,41.0,43.0,11/02/2023,37.5,41.0,24/09/2022,,,,,,,,,,,,,2,3,17,29,60,261,2,2,4,17,27,143,47,93,405,44,73,334,4,6,12,2400,0.1,58.5,2200,1.2,58.5,2110,0.2,58.0,2400,4.2,54.5,WFRM,BM-72,WFRM,BM-72,WFRM,BM-72,ROSE,BM-78,COMPLACENT,CASUAL FLING (NZ),O'REILLY (NZ),RANDWICK,40.5,25/04/23,9.00,9.00,9.00,6.00,,11/10/23,9,10/04/23,18,11/02/23,11,24/09/22,14,,,,,1,1,3,1,1,3,2,4,10,0,1,2,58.0,58.0,54.5,52.0,
RANDWICK INS,3,JAMES SQUIRE (BM78),2400,"60,000",BM-78,Claim,03.10 pm,25/10/2023,2,'9445,5,4,4,9,CHATEAUX PARK (NZ),1,58.0,9.00,83,86,46,5,17,11,37,up,+  .0,eq,6979,14,2,0,4,1,1,5,0,0,0,0,0,0,1,6,19,2,5,15,2,6,12,5,5,2,1,2,6,3,10,J C COYLE,7,G,Tyler Schiller,,S7,B7,1.10,1.31,1.24,C,E,11,0,2,7,1,2,7,1,3,6,0,4,6,1,2,5,0,3,4,2,1,11,0,0,0,,,,,,,,,,44.5,20/09/23,45.0,24/02/23,44.5,03/08/22,44.0,11/10/23,45.0,24/02/23,1350 1600 1800 (2) 2200,0,3,6,0,0,2,44.0,44.0,11/10/2023,5,43.5,43.5,02/10/2023,4,44.5,44.5,20/09/2023,4,34.5,34.5,02/09/2023,9,42.0,42.0,19/08/2023,2,43.0,43.0,09/08/2023,1,41.0,41.0,26/07/2023,3,34.5,34.5,12/07/2023,8,44.5,44.5,20/07/2022,40.0,40.0,27/04/2022,40.5,40.5,15/09/2021,35.5,38.0,16/12/2020,,,,,,,63,130,584,125,246,1045,1,1,4,7,15,115,46,117,478,23,55,379,2,2,19,2400,1.1,59.5,2200,1.3,59.5,2110,0.5,59.5,2400,11.0,54.0,WFRM,BM-72,WFRM,BM-72,WFRM,BM-72,RAND,LISTED,OCEAN PARK (NZ),VAL DE LOIRE (NZ),MONTJEU (IRE),WARWICK FARM,44.5,20/07/22,2.70,3.50,2.70,51.00,,09/08/23,14,20/07/22,11,27/04/22,7,15/09/21,12,16/12/20,19,,,1,2,7,0,7,7,4,4,15,0,4,17,55.0,57.0,57.0,58.0,
RANDWICK INS,3,JAMES SQUIRE (BM78),2400,"60,000",BM-78,Claim,03.10 pm,25/10/2023,3,'5601,1,0,6,5,SPEYCASTER (GB),7,57.0,8.00,86,91,11,2,2,18,18,up,+ 4.5,up,4699,17,0,0,0,0,0,1,0,0,0,0,0,0,2,1,6,0,1,5,0,0,0,4,4,6,4,7,7,,,C J WALLER,5,G,Tommy Berry,,S8,B7,0.86,1.15,1.15,A,B,5,0,1,4,0,1,3,1,0,3,1,0,1,0,0,0,0,0,0,0,0,0,0,0,0,,,,,,,,,,42.5,08/10/23,19.0,23/09/22,41.0,06/04/22,28.5,13/05/22,41.0,06/04/22,1609 2000,0,2,5,1,0,3,42.5,42.5,08/10/2023,1,23.5,23.5,23/09/2023,10,39.0,39.0,06/09/2023,6,42.5,42.5,16/08/2023,5,15.5,19.0,23/09/2022,9,30.5,35.0,02/07/2022,4,23.0,28.5,13/05/2022,6,35.0,41.0,06/04/2022,3,34.0,43.5,26/11/2021,,,,,,,,,,,,,,,,16,35,155,23,55,209,0,0,0,138,256,1302,907,1652,6144,284,481,2322,4,18,48,2000,0.2,59.0,2000,13.5,53.5,1800,3.1,54.0,1600,2.2,61.0,HAWK,3Y+CL1,CAUL,BM-78,SANH,BM-78,SANL,BM-64,HIGHLAND REEL (IRE),EXAMINEE (GER),MONSUN (GER),ROSEHILL,,,11.00,5.50,9.00,8.50,,08/10/23,15,26/11/21,60,,,,,,,,,0,1,2,0,0,1,1,0,3,1,1,5,57.0,56.0,58.0,62.0,
RANDWICK INS,3,JAMES SQUIRE (BM78),2400,"60,000",BM-78,Claim,03.10 pm,25/10/2023,4,'x049,9,4,0,,FATHER'S DAY (IRE),5,55.5,34.00,69,74,16,3,4,19,25,up,+  .0,eq,5775,14,0,0,2,0,1,4,0,0,0,0,0,0,1,2,7,1,2,6,1,0,3,8,7,4,8,8,8,,,BJORN BAKER,6,G,Rachel King,,G2,O4,0.88,1.01,1.13,A,A,4,0,2,5,1,2,5,1,0,3,1,0,2,0,0,1,0,0,0,0,0,0,1,0,2,29/03/2023,14.0,14.0,14/09/2022,44.5,44.5,,,,39.0,11/10/23,44.0,15/02/23,44.5,14/09/22,39.0,11/10/23,44.0,15/02/23,1600 2000 2140,0,0,2,0,0,0,39.0,39.0,11/10/2023,9,23.5,23.5,28/09/2023,4,14.5,14.5,06/09/2023,10,14.0,14.0,29/03/2023,8,14.0,14.0,11/03/2023,12,44.0,44.0,15/02/2023,6,43.0,43.0,26/01/2023,8,33.0,33.0,28/09/2022,9,44.5,44.5,14/09/2022,42.5,42.5,03/09/2022,40.5,40.5,26/08/2022,,,,,,,,,,26,62,362,52,115,616,0,0,0,35,61,313,226,353,1421,106,163,745,18,29,138,2400,5.8,58.0,2100,16.2,60.5,1400,29.3,58.5,2200,32.5,56.5,WFRM,BM-72,WYON,BM-64,RANI,BM-72,WFRM,BM-78,GALILEO (IRE),FIRE LILY (IRE),DANSILI (GB),WARWICK FARM,44.0,15/02/23,26.00,12.00,101,21.00,,14/09/22,11,03/09/22,8,26/08/22,17,,,,,,,1,2,4,2,0,3,0,2,4,0,0,5,55.5,58.0,60.0,58.0,
RANDWICK INS,3,JAMES SQUIRE (BM78),2400,"60,000",BM-78,Claim,03.10 pm,25/10/2023,5,'6312,2,1,3,6,IZFALLINGDOWN,2,55.5,5.50,90,97,26,5,7,19,27,up,+  .0,eq,5392,14,0,0,0,1,1,3,0,0,0,0,0,0,2,3,13,1,3,10,2,1,3,3,2,5,3,3,1,2,13,T & P VIGOUROUX,7,M,Ms K. O'Hara,,G3,O2,na,na,na,na,na,8,0,0,4,1,0,4,0,1,4,2,0,3,0,3,3,1,0,2,1,3,6,0,0,1,15/12/2022,35.5,35.5,,,,,,,45.5,11/10/23,43.5,22/01/23,40.0,29/04/22,45.5,11/10/23,43.5,22/01/23,1300 1600 (2) 2100 2400,0,0,0,0,2,5,45.5,45.5,11/10/2023,2,43.5,43.5,27/09/2023,1,42.5,42.5,08/09/2023,3,40.0,40.0,20/08/2023,6,35.5,35.5,08/08/2023,6,41.0,41.0,19/07/2023,5,34.5,34.5,06/07/2023,9,39.5,39.5,08/02/2023,7,43.5,43.5,22/01/2023,38.5,38.5,21/10/2022,39.0,39.0,22/04/2022,36.0,36.0,20/03/2022,,,,,,,13,19,202,27,52,416,1,1,2,1,2,9,1,4,13,9,22,100,1,1,2,2400,0.1,56.0,2400,0.1,54.0,2100,1.6,55.0,1600,3.7,55.0,WFRM,BM-72,ROSE,BM-72,TUNC,OPEN,NRME,OPEN,LONDON BRIDGE (USA),DEZHILLA,DANEHILL DANCER (IRE),HAWKESBURY,,,15.00,21.00,10.00,31.00,,27/09/23,19,22/01/23,11,21/10/22,17,22/04/22,14,20/03/22,13,,,0,0,1,0,2,2,1,2,4,4,3,19,55.0,56.5,57.0,54.5,
RANDWICK INS,3,JAMES SQUIRE (BM78),2400,"60,000",BM-78,Claim,03.10 pm,25/10/2023,6,'4353,3,5,3,4,KARMAZONE,8,55.5,11.00,80,82,40,6,9,15,23,up,+  .0,eq,6124,14,0,1,1,0,3,7,0,0,0,0,0,0,1,6,21,3,3,14,2,0,5,6,6,1,5,4,5,,,DANIEL ROBINSON,8,G,Jett Stanley,a2.0,S7,B6,1.10,1.31,1.24,C,na,12,2,1,7,2,1,7,0,1,6,0,1,6,1,2,5,1,0,2,0,3,7,0,0,0,,,,,,,,,,45.5,09/08/23,50.5,03/12/22,42.5,08/12/21,45.5,09/08/23,50.5,03/12/22,1400 (2) 1600 (2) 1800 1880,1,1,6,0,1,4,42.5,42.5,11/10/2023,3,43.0,43.0,27/09/2023,5,39.5,39.5,09/09/2023,3,41.5,41.5,30/08/2023,4,45.5,45.5,09/08/2023,2,45.0,45.0,26/07/2023,4,44.5,44.5,15/07/2023,6,40.0,40.0,12/06/2023,4,45.5,45.5,12/10/2022,46.5,46.5,10/09/2022,47.0,47.0,03/07/2021,44.5,44.5,22/06/2021,41.0,44.0,11/10/2019,39.5,43.0,23/09/2019,11,25,116,62,126,497,0,0,0,0,3,10,1,5,15,0,4,19,0,0,0,2400,0.2,53.5,2400,2.4,57.0,2400,1.5,50.0,2200,3.9,57.5,WFRM,BM-72,ROSE,BM-72,ROSE,BM-78,WFRM,BM-72,EUROZONE,THAT'S KARMA,PENDRAGON (NZ),WYONG,,,17.00,4.50,12.00,6.50,,12/10/22,32,10/09/22,276,03/07/21,11,22/06/21,9,11/10/19,18,23/09/19,frs,0,1,2,1,1,4,4,3,15,1,4,19,57.5,58.0,57.5,59.0,
RANDWICK INS,3,JAMES SQUIRE (BM78),2400,"60,000",BM-78,Claim,03.10 pm,25/10/2023,7,'3224,4,2,2,3,GOLDEN PASSPORT,3,54.5,5.00,99,95,10,1,6,10,60,up,+  .0,eq,6248,14,0,0,0,0,1,2,0,0,0,0,0,0,1,4,7,0,1,2,0,1,1,2,3,7,6,5,3,4,7,G WATERHOUSE & A BOTT,4,G,Tim Clark,,G1,O1,1.02,1.02,1.13,A,A,7,1,1,3,0,2,2,0,1,2,0,1,1,0,1,1,0,0,1,0,0,0,0,0,0,,,,,,,,,,45.0,11/10/23,42.0,04/08/22,43.5,21/01/22,45.0,11/10/23,42.0,04/08/22,1500,0,0,0,0,0,1,45.0,45.0,11/10/2023,4,43.5,43.5,02/10/2023,2,43.0,43.5,23/09/2023,2,43.5,44.0,07/09/2023,3,42.0,43.0,27/08/2023,2,39.5,40.5,11/08/2023,1,33.0,41.0,26/08/2022,4,34.0,42.0,04/08/2022,3,,,,,,,,,,,,,,,,,,,49,83,357,81,133,522,0,0,1,111,128,540,348,507,1974,188,210,861,35,46,162,2400,0.2,55.5,2200,1.0,55.0,2000,1.0,59.0,2000,1.1,58.5,WFRM,BM-72,WFRM,BM-72,KEMB,CL1-SW,HAWK,BM-64,SEBRING,PRINCESS COUP,ENCOSTA DE LAGO,RANDWICK,,,5.00,6.00,2.60,3.20,,11/08/23,350,,,,,,,,,,,1,1,3,0,3,5,0,2,2,0,0,0,59.0,59.0,56.5,55.5,
RANDWICK INS,3,JAMES SQUIRE (BM78),2400,"60,000",BM-78,Claim,03.10 pm,25/10/2023,8,'2420,0,2,4,2,CLASSIC DEEL,4,54.0,31.00,73,71,18,2,5,11,28,up,+  .0,eq,4362,14,0,0,0,0,2,4,0,0,0,0,0,0,2,3,12,0,2,3,0,0,3,7,8,8,7,6,4,,,K A LEES,5,M,J. R. Collett,,M6,M5,0.98,1.01,1.12,B,D,8,0,1,3,0,0,3,0,1,3,0,1,3,1,0,2,1,1,2,0,1,2,0,0,0,,,,,,,,,,44.0,27/09/23,45.5,25/01/23,41.0,11/02/22,45.5,25/01/23,45.5,25/01/23,2030 2100,0,0,0,0,0,0,14.5,14.5,11/10/2023,11,44.0,44.0,27/09/2023,2,39.5,39.5,16/09/2023,4,41.0,41.0,24/08/2023,2,41.5,41.5,17/08/2023,3,40.0,40.5,27/07/2023,6,37.5,38.0,03/07/2023,10,43.5,45.5,25/01/2023,2,40.5,42.5,14/01/2023,40.5,43.0,26/12/2022,,,,,,,,,,,,,57,124,497,102,201,763,0,3,3,20,57,237,145,361,1335,173,288,1154,1,8,16,2400,250.1,54.0,2400,0.1,54.0,2300,3.7,57.5,2100,2.5,57.5,WFRM,BM-72,ROSE,BM-72,NEWC,BM-64,GOSF,BM-64,DUNDEEL (NZ),PLAY JUST FOR ME (USA),STRAVINSKY (USA),NEWCASTLE,,,8.00,5.50,5.00,2.50,,14/01/23,19,26/12/22,17,,,,,,,,,1,2,5,0,0,1,1,3,8,0,0,4,57.5,58.0,57.0,57.0,
RANDWICK INS,4,BIVOUAC FIRST YEARLINGS (BM72),1400,"60,000",MSB-72,Claim,03.50 pm,25/10/2023,1,'4112,2,1,1,4,SWEET BABY BOOM,5,62.5,3.00,100,100,7,3,3,43,43,dn,- 4.5,eq,14718,21,1,1,2,0,1,1,0,1,1,0,0,0,1,1,3,1,0,1,1,2,3,1,1,2,1,7,4,1,16,G WATERHOUSE & A BOTT,4,M,Jett Stanley,a2.0,G1,F1,1.15,1.29,1.17,A,A,5,0,1,2,1,1,2,2,0,2,0,1,1,0,0,0,0,0,0,0,0,0,0,0,0,,,,,,,,,,39.5,13/09/23,41.0,20/04/22,,,35.5,04/10/23,41.0,20/04/22,1150 1200 (2),2,0,3,0,1,1,35.5,35.5,04/10/2023,2,39.0,39.5,13/09/2023,1,38.5,39.5,23/08/2023,1,36.0,37.0,09/08/2023,4,29.5,41.0,20/04/2022,1,17.0,29.0,06/04/2022,3,25.0,38.0,10/03/2022,3,,,,,,,,,,,,,,,,,,,,,,,11,25,116,62,126,497,0,0,0,111,128,540,348,507,1974,188,210,861,0,0,1,1400,2.3,56.0,1200,2.3,56.5,1150,0.2,57.5,1000,1.6,57.5,RANI,FMB-78,CANT,FMB-72,RANI,FMB-72,WFRM,FMB-72,SPIRIT OF BOOM,SUGAR BABE (NZ),EXCEED AND EXCEL,RANDWICK,39.5,23/08/23,3.50,3.70,7.00,7.50,,13/09/23,21,23/08/23,14,20/04/22,14,,,,,,,1,1,2,1,1,2,1,1,3,0,0,0,58.0,55.0,56.5,,
RANDWICK INS,4,BIVOUAC FIRST YEARLINGS (BM72),1400,"60,000",MSB-72,Claim,03.50 pm,25/10/2023,2,'10x4,4,0,1,,GALAXY BELLE (NZ),1,61.5,67.00,72,64,25,6,6,24,24,dn,- 5.0,eq,6416,52,0,1,2,0,3,8,0,0,0,0,0,0,5,2,14,1,3,9,0,1,2,8,9,1,8,2,7,4,7,K A LEES,6,M,Dylan Gibbons,a0.0,S11,B10,0.57,1.00,1.17,A,D,2,0,1,5,1,1,4,0,3,4,2,1,4,0,0,3,1,0,2,2,0,3,1,1,4,26/10/2022,30.5,30.5,29/01/2022,39.5,41.5,01/06/2021,26.0,31.0,35.5,03/09/23,43.0,03/12/22,42.0,28/05/22,40.5,07/10/22,41.0,26/02/22,1600 (2) 1700 1800 (3),1,0,1,2,2,14,35.5,35.5,03/09/2023,4,29.0,29.0,15/12/2022,13,43.0,43.0,03/12/2022,1,27.5,27.5,11/11/2022,11,30.5,30.5,26/10/2022,8,40.5,40.5,07/10/2022,6,41.0,42.0,28/05/2022,10,27.5,28.5,07/05/2022,8,39.5,41.5,29/01/2022,39.0,42.5,08/09/2021,38.0,42.0,27/08/2021,34.0,38.0,15/08/2021,32.5,37.0,11/07/2021,,,,56,119,529,98,180,810,1,0,7,20,57,237,145,361,1335,173,288,1154,33,54,217,1400,6.0,61.0,1600,12.0,58.5,1600,1.8,58.0,1900,9.1,57.5,MDGE,OPEN,HAWK,SW&P,NEWC,CL5-SW,CANT,BM-72,REDWOOD (GB),RIVERINA GIRL (NZ),BLACK MINNALOUSHE (USA),NEWCASTLE,40.0,16/02/22,31.00,7.50,4.70,21.00,,03/12/22,22,29/01/22,24,08/09/21,12,27/08/21,12,15/08/21,18,11/07/21,20,3,1,4,1,3,6,2,1,10,0,1,5,58.5,59.5,54.0,57.0,
RANDWICK INS,4,BIVOUAC FIRST YEARLINGS (BM72),1400,"60,000",MSB-72,Claim,03.50 pm,25/10/2023,3,'x304,4,0,3,,MOLLY NAILS,9,59.5,26.00,79,73,13,4,4,31,31,dn,- 4.5,up,12037,31,0,0,0,1,0,4,0,0,0,0,0,0,3,3,8,0,1,4,1,0,1,6,6,4,3,5,6,,,MATTHEW DALE,6,M,J. Ford,,G2,O3,0.82,1.05,1.17,A,C,4,3,3,6,1,1,5,0,0,2,0,0,0,0,0,0,0,0,0,0,0,0,0,0,0,,,,,,,,,,40.0,12/08/23,44.0,30/07/22,43.0,26/01/22,43.0,26/01/22,44.0,30/07/22,1200 (3) 1400,0,1,2,2,2,8,38.5,38.5,24/09/2023,4,37.5,37.5,02/09/2023,12,40.0,40.0,12/08/2023,3,36.5,36.5,20/08/2022,5,43.5,44.0,30/07/2022,1,41.0,43.0,26/01/2022,4,40.5,42.5,03/01/2022,1,38.0,41.0,06/10/2021,3,34.0,40.5,19/02/2021,33.0,40.5,26/01/2021,,,,,,,,,,,,,15,41,349,62,124,762,0,1,1,6,14,79,39,70,294,34,59,257,0,2,5,1300,1.8,55.5,1100,4.0,56.5,1100,2.1,54.5,1200,2.9,53.0,BATH,BM-85,RAND,MSB-78,ROSE,BM-78,RAND,BM-78,TAVISTOCK (NZ),MARITIMO (NZ),PINS,GOULBURN,,,3.50,17.00,21.00,10.00,,30/07/22,185,03/01/22,89,19/02/21,24,26/01/21,135,,,,,3,1,6,0,0,1,1,1,3,0,2,3,57.5,58.5,57.5,56.5,
RANDWICK INS,4,BIVOUAC FIRST YEARLINGS (BM72),1400,"60,000",MSB-72,Claim,03.50 pm,25/10/2023,4,'7321,1,2,3,7,THE SEVEN SEAS,4,59.5,8.50,87,86,16,4,5,25,31,dn,- 3.5,dn,9208,15,0,0,1,2,0,4,0,0,1,0,0,0,4,1,7,0,3,7,0,1,2,4,4,3,2,4,3,3,10,J G SARGENT,4,M,Tyler Schiller,,M4,O4,0.83,0.62,1.17,A,C,7,1,1,4,1,1,4,1,1,4,0,1,2,0,1,1,1,0,1,0,0,0,0,0,0,,,,,,,,,,41.0,10/10/23,42.5,09/03/23,41.5,25/07/22,42.5,09/03/23,41.5,25/07/22,1100 1200 1300 1500,1,1,3,0,0,5,41.0,41.0,10/10/2023,1,37.5,38.0,28/09/2023,2,32.5,33.0,15/09/2023,3,31.0,31.5,02/09/2023,7,38.5,39.5,19/08/2023,7,37.5,38.5,05/08/2023,4,30.5,33.5,22/03/2023,11,39.5,42.5,09/03/2023,1,36.5,40.0,16/02/2023,32.0,36.5,24/01/2023,,,,,,,,,,,,,63,130,584,125,246,1045,1,2,3,17,27,143,47,93,405,44,73,334,1,2,7,1500,3.3,57.0,1600,3.0,59.0,1600,5.5,57.0,1400,7.3,55.0,NEWC,BM-68,WYON,BM-64,NEWC,BM-68,RAND,BM-72,MERCHANT NAVY,ELUSIVE WONDER,ELUSIVE QUALITY (USA),RANDWICK,33.5,22/03/23,5.00,7.00,11.00,13.00,,10/10/23,12,09/03/23,21,16/02/23,23,24/01/23,143,,,,,3,1,4,0,2,2,1,2,4,0,0,6,55.5,55.5,57.0,58.5,
RANDWICK INS,4,BIVOUAC FIRST YEARLINGS (BM72),1400,"60,000",MSB-72,Claim,03.50 pm,25/10/2023,5,'45x1,1,5,4,,FAIRWAY STAR,7,58.5,4.20,99,96,9,3,2,33,22,dn,- 3.5,up,9664,17,0,0,0,1,1,2,0,0,0,0,0,0,2,2,6,1,0,1,0,0,2,2,2,5,4,6,2,2,10,BJORN BAKER,4,M,Rachel King,,G2,O2,0.83,0.86,1.17,A,A,2,2,0,3,0,1,2,0,1,1,1,0,1,0,0,1,0,0,1,0,0,0,0,1,2,06/01/2023,37.5,42.5,08/07/2022,24.0,33.0,,,,42.5,08/10/23,44.0,02/02/23,33.0,08/07/22,42.5,08/10/23,41.5,17/12/22,1200 1300 1600,1,0,1,0,0,1,42.5,42.5,08/10/2023,1,27.0,30.0,04/03/2023,5,37.5,41.0,17/02/2023,4,40.0,44.0,02/02/2023,1,37.0,41.5,17/01/2023,3,37.5,42.5,06/01/2023,3,36.0,41.5,17/12/2022,1,24.0,33.0,08/07/2022,4,,,,,,,,,,,,,,,,,,,26,62,362,52,115,616,2,1,4,35,61,313,226,353,1421,106,163,745,18,29,138,1300,2.0,56.5,1820,6.0,52.5,1900,3.1,57.5,1600,2.8,56.0,HAWK,BM-68,EFRM,3YO,CANT,BM-64,GOSF,BM-64,SPIETH (NZ),MARHETA,AL MAHER,WARWICK FARM,,,2.20,12.00,3.70,2.00,,08/10/23,218,02/02/23,16,17/12/22,162,,,,,,,2,1,3,0,0,1,0,1,3,1,0,2,55.0,58.5,56.5,55.0,
RANDWICK INS,4,BIVOUAC FIRST YEARLINGS (BM72),1400,"60,000",MSB-72,Claim,03.50 pm,25/10/2023,6,'6x11,1,1,6,,HIDE YOUR HEART,8,58.5,6.00,91,93,22,4,6,18,27,dn,- 4.0,up,5703,25,0,0,0,1,3,5,0,0,0,0,0,0,2,2,13,1,1,3,1,3,6,3,3,7,6,9,5,,,NATHAN DOYLE,5,M,Molly Bourke,a3.0,S9,B8,0.83,0.68,1.17,A,B,3,1,1,6,1,3,4,1,1,3,1,0,3,0,1,3,0,0,3,0,0,0,1,1,3,30/12/2022,37.0,39.5,22/06/2022,35.0,40.0,23/10/2021,29.0,39.0,38.5,30/09/23,39.5,30/12/22,43.0,23/07/22,38.5,30/09/23,43.0,23/07/22,1200 1300 1600 (2),1,0,2,0,0,1,38.5,38.5,30/09/2023,1,38.0,38.0,05/09/2023,1,34.5,36.0,18/02/2023,6,27.5,29.5,22/01/2023,8,37.0,39.0,08/01/2023,7,37.0,39.5,30/12/2022,1,36.0,38.5,16/12/2022,3,33.5,36.0,26/11/2022,6,34.5,39.0,14/07/2022,,,,,,,,,,,,,,,,0,2,25,55,102,488,0,0,0,10,17,95,19,35,166,65,80,357,0,0,2,1300,0.8,53.0,1200,1.3,59.0,1600,4.5,57.5,2100,9.6,58.0,NEWC,BM-68,SCON,BM-58,GOSF,BM-64,WYON,BM-64,SEBRING,CAUTIOUS,LONHRO,NEWCASTLE,,,13.00,10.00,11.00,11.00,,30/09/23,25,05/09/23,199,30/12/22,14,14/07/22,22,,,,,2,2,4,0,0,0,0,4,11,2,0,7,59.5,57.0,60.0,58.0,
RANDWICK INS,4,BIVOUAC FIRST YEARLINGS (BM72),1400,"60,000",MSB-72,Claim,03.50 pm,25/10/2023,7,'6193,3,9,1,6,OH GOLLY GOSH,3,58.5,15.00,82,78,20,3,7,15,35,up,- 1.5,eq,6358,27,0,0,0,3,6,15,0,0,0,0,0,0,2,4,12,0,3,6,1,0,2,5,5,6,5,8,1,,,J ATTARD & L KEEGAN-ATTARD,6,M,Zac Lloyd,a0.0,M6,M7,0.92,1.62,1.17,A,C,5,1,2,5,1,2,5,1,0,4,0,3,3,0,0,1,0,0,1,0,0,1,0,0,1,04/02/2023,37.5,37.5,,,,,,,42.0,28/09/23,40.5,09/11/22,40.5,26/03/22,42.0,28/09/23,42.0,28/09/23,1350 1400 (2),1,0,2,0,2,6,42.0,42.0,28/09/2023,3,37.5,37.5,16/09/2023,9,41.0,41.0,02/09/2023,1,35.5,35.5,12/08/2023,6,35.5,35.5,04/03/2023,10,40.0,40.0,18/02/2023,5,37.5,37.5,04/02/2023,6,39.5,39.5,07/01/2023,3,39.0,40.5,26/03/2022,37.0,40.0,10/10/2021,,,,,,,,,,,,,79,97,416,107,148,579,0,0,1,3,6,45,2,6,29,14,24,117,3,3,9,1350,0.5,60.0,1600,3.7,55.0,1400,0.8,56.0,1200,4.4,58.5,WYON,BM-64,RAND,BM-72,HAWK,BM-68,KEMB,BM-64,ARTIE SCHILLER (USA),BY GOLLY MOLLY,MAGIC ALBERT,HAWKESBURY,,,3.50,26.00,6.50,5.00,,02/09/23,21,26/03/22,151,10/10/21,17,,,,,,,0,1,1,1,1,4,1,3,8,1,2,7,54.0,54.0,54.5,53.0,
RANDWICK INS,4,BIVOUAC FIRST YEARLINGS (BM72),1400,"60,000",MSB-72,Claim,03.50 pm,25/10/2023,8,'56x5,5,6,5,,YANKEE HUSSEL,6,58.5,41.00,73,65,14,1,2,7,14,dn,- 3.5,up,5134,18,0,0,0,1,1,4,0,0,0,0,0,0,0,0,6,1,2,6,0,0,2,7,8,8,7,3,8,,,K A LEES,4,M,J. R. Collett,,M5,B8,1.00,0.92,0.78,A,D,2,0,1,4,1,1,3,0,0,3,0,0,2,0,0,1,0,0,1,0,0,0,1,1,3,08/04/2023,35.0,38.0,08/09/2022,34.0,41.5,12/03/2022,32.0,45.0,37.0,07/10/23,41.5,20/05/23,41.5,21/09/22,41.5,08/09/22,41.5,20/05/23,1300,0,0,0,0,0,9,37.0,37.0,07/10/2023,5,35.0,37.0,03/06/2023,6,39.0,41.5,20/05/2023,5,35.5,38.0,06/05/2023,6,31.0,33.5,22/04/2023,7,35.0,38.0,08/04/2023,3,32.5,35.5,03/03/2023,4,21.5,28.5,15/10/2022,12,34.0,41.5,08/09/2022,,,,,,,,,,,,,,,,57,124,497,102,201,763,1,1,3,20,57,237,145,361,1335,173,288,1154,1,8,16,1200,2.6,58.0,2200,4.8,56.5,2000,2.5,56.5,1800,3.3,56.5,EFRM,BM-68,EFRM,3F-GP1,DOOM,3F-GP2,CDRA,3F-LR,AMERICAN PHAROAH (USA),PETTY CURY,NOT A SINGLE DOUBT,NEWCASTLE,,,7.00,26.00,81.00,67.00,,08/09/22,19,,,,,,,,,,,1,0,1,0,0,1,0,2,5,0,0,7,56.5,57.5,56.0,54.0,
RANDWICK INS,4,BIVOUAC FIRST YEARLINGS (BM72),1400,"60,000",MSB-72,Claim,03.50 pm,25/10/2023,9,'0x56,6,5,0,,LA PITTRICE,2,58.0,101,63,66,6,1,0,17,0,dn,- 4.5,eq,9108,21,0,0,3,0,0,3,0,0,2,0,0,0,0,0,3,1,0,2,0,0,1,9,7,9,9,1,9,,,A J CUMMINGS,4,M,Tommy Berry,,M3,M4,0.94,0.74,1.17,A,A,3,0,0,2,1,0,2,0,0,1,0,0,1,0,0,0,0,0,0,0,0,0,0,0,1,15/04/2023,42.0,45.0,,,,,,,34.0,04/10/23,45.0,15/04/23,,,45.0,15/04/23,45.0,15/04/23,1100,0,0,2,0,0,2,34.0,34.0,04/10/2023,6,31.5,32.0,20/09/2023,5,32.0,34.5,25/04/2023,10,42.0,45.0,15/04/2023,4,35.0,38.0,15/03/2023,1,29.5,33.5,03/02/2023,4,,,,,,,,,,,,,,,,,,,,,,,,,,,16,35,155,23,55,209,0,0,0,7,19,126,73,125,547,34,46,262,2,0,5,1400,5.4,55.5,1100,9.1,59.0,1400,6.4,59.0,1400,2.1,54.0,RANI,FMB-78,WFRM,FMB-72,RANI,3YB-68,RAND,3F-G3,CARAVAGGIO (USA),JESSICA ANN,FASTNET ROCK,RANDWICK,34.5,25/04/23,21.00,9.00,4.50,61.00,,15/03/23,40,,,,,,,,,,,0,0,1,0,0,0,0,0,1,1,0,4,55.0,55.0,,,
RANDWICK INS,5,ALL TOO HARD @ VINERY STUD (BM64),1800,"60,000",BM-64,Claim,04.30 pm,25/10/2023,1,'7629,9,2,6,7,PHILIPSBURG (NZ),7,61.5,81.00,69,62,44,6,9,14,20,dn,-10.5,up,8792,17,0,0,0,0,3,4,0,0,0,0,0,0,3,2,24,1,3,13,2,4,7,12,14,1,1,1,6,,,JAMES PONSONBY,6,G,Benjamin Osmond,a3.0,S8,M6,0.52,0.97,0.93,B,D,13,0,1,5,1,1,4,2,0,4,1,1,3,0,0,3,1,0,3,1,6,22,0,1,1,30/07/2022,43.0,43.5,,,,,,,40.0,31/05/23,44.0,17/12/22,42.0,11/09/21,43.5,30/07/22,43.5,30/07/22,1400 (2) 1435 1450 1500 1550,0,0,0,4,9,40,27.0,27.0,08/10/2023,9,39.5,39.5,30/09/2023,2,36.0,36.0,16/09/2023,6,31.0,31.0,26/08/2023,7,37.0,37.0,19/08/2023,4,35.0,35.0,12/08/2023,4,32.5,32.5,05/08/2023,5,38.5,38.5,29/07/2023,10,41.0,42.0,21/05/2022,41.5,43.0,30/03/2022,38.5,42.0,11/09/2021,35.5,41.5,26/03/2021,33.0,40.0,04/02/2021,29.5,37.5,14/01/2021,1,1,18,22,66,403,0,0,0,0,4,35,5,15,63,6,32,180,0,1,3,1600,9.3,54.0,1800,0.2,57.5,1600,2.5,56.0,2000,6.0,54.0,COON,OPEN,RAND,BM-72,RAND,BM-72,ROSE,BM-78,PER INCANTO (USA),SAINT MARTINS (NZ),DARCI BRAHMA (NZ),HAWKESBURY,,,7.50,7.50,9.00,16.00,,21/05/22,14,30/03/22,10,11/09/21,28,26/03/21,7,04/02/21,21,14/01/21,14,3,1,7,1,2,3,2,3,17,0,3,17,54.0,55.0,55.0,58.0,
RANDWICK INS,5,ALL TOO HARD @ VINERY STUD (BM64),1800,"60,000",BM-64,Claim,04.30 pm,25/10/2023,2,'1941,1,4,9,1,KNIGHTS ARMOUR,5,61.0,8.00,89,89,14,5,1,36,7,dn,- 1.5,up,4998,11,0,0,0,1,1,2,0,0,0,0,0,0,3,0,7,2,1,5,0,0,2,4,4,5,3,7,5,3,8,ROSS LAVIS,5,G,Molly Bourke,a3.0,G2,O2,0.46,0.95,0.93,B,na,11,0,0,3,0,0,2,1,1,2,0,0,1,1,0,1,1,0,1,2,0,4,0,0,0,,,,,,,,,,39.0,14/10/23,32.5,07/01/23,15.0,03/06/22,36.5,25/07/23,38.5,07/07/23,1460 1600 1890 2120 2140,1,0,2,1,0,2,39.0,39.0,14/10/2023,1,38.5,38.5,03/10/2023,4,27.0,27.0,09/08/2023,9,36.0,36.5,25/07/2023,1,38.0,38.5,07/07/2023,1,36.0,36.5,16/06/2023,1,23.5,24.0,02/06/2023,7,29.0,30.0,27/05/2023,3,30.5,32.5,07/01/2023,,,,,,,,,,,,,,,,0,2,25,55,102,488,0,0,0,0,0,1,0,0,1,5,1,13,0,0,0,1600,0.3,59.0,1300,0.9,59.0,2200,8.7,55.5,1890,0.4,56.0,WAGA,BM-66,GOUL,BM-66,WFRM,BM-72,NEWC,BM-66,CASINO PRINCE,CAKEWALKIN,ORPEN (USA),BRAIDWOOD,,,3.50,11.00,21.00,2.70,,14/10/23,11,25/07/23,18,07/07/23,21,16/06/23,14,07/01/23,12,,,2,0,2,1,0,1,0,0,2,2,1,9,58.0,59.0,52.5,56.5,
RANDWICK INS,5,ALL TOO HARD @ VINERY STUD (BM64),1800,"60,000",BM-64,Claim,04.30 pm,25/10/2023,3,'0x42,2,4,0,,THE ENGLISHMAN (NZ),,60.5,,,,10,1,5,10,50,,,,6668,18,0,1,1,0,0,0,0,0,0,0,0,0,0,1,4,0,4,5,1,0,1,7,7,3,2,2,3,,,P & P SNOWDEN,4,G,,,G4,O3,1.08,1.13,0.93,B,C,3,0,1,3,0,1,2,0,1,1,0,1,1,1,0,1,0,1,1,0,0,1,0,1,1,10/02/2023,32.5,36.5,,,,,,,39.5,07/10/23,39.0,11/05/23,33.5,24/08/22,,,39.0,11/05/23,1500,0,0,0,0,0,1,39.5,39.5,07/10/2023,2,36.0,36.5,23/09/2023,4,27.0,29.5,27/05/2023,13,36.5,39.0,11/05/2023,2,36.0,38.5,26/04/2023,1,30.5,33.5,12/04/2023,3,32.5,36.5,10/02/2023,2,30.0,34.5,26/01/2023,4,,,,,,,,,,,,,,,,,,,0,0,0,0,0,0,0,0,0,35,95,355,234,459,1769,97,232,763,0,0,0,1600,0.2,60.0,1400,1.6,60.0,2400,13.1,57.0,2100,0.2,57.5,KEMB,BM-64,KEMB,3Y+CL1,EFRM,3YO-G1,WYON,CL1-SW,TAVISTOCK (NZ),ZERANTI (NZ),ZABEEL (NZ),RANDWICK,33.5,24/08/22,3.00,5.00,101,2.80,Scratched,26/04/23,14,,,,,,,,,,,1,4,7,0,1,2,0,0,0,0,0,1,58.5,58.5,57.5,57.5,
RANDWICK INS,5,ALL TOO HARD @ VINERY STUD (BM64),1800,"60,000",BM-64,Claim,04.30 pm,25/10/2023,4,'08x8,8,8,0,,FRANKIE'S ME DAD,,59.0,,,,7,2,1,29,14,,,,6968,18,0,0,0,0,1,1,0,0,0,0,0,0,1,1,5,1,0,2,0,0,0,9,9,11,15,3,14,,,C MAHER & D EUSTACE,4,M,,,M7,O3,0.69,0.90,1.00,A,A,2,0,0,2,0,1,1,1,0,1,1,0,1,0,0,1,0,0,1,0,0,0,0,1,1,28/01/2023,31.0,35.5,,,,,,,30.0,07/10/23,43.0,25/03/23,,,35.5,28/01/23,39.5,13/02/23,2100 2300,0,0,0,0,0,2,30.0,30.0,07/10/2023,8,18.5,21.5,08/04/2023,8,40.0,43.0,25/03/2023,11,38.0,41.0,03/03/2023,1,35.5,39.5,13/02/2023,1,31.0,35.5,28/01/2023,3,16.5,21.5,07/01/2023,8,,,,,,,,,,,,,,,,,,,,,,,0,0,0,0,0,0,0,0,0,145,209,990,522,799,3094,358,513,2039,0,0,0,1400,7.9,59.0,2400,19.1,56.0,2000,6.6,56.0,2300,1.3,55.5,KEMB,BM-64,RAND,3F-GP1,ROSE,3F-GP1,NEWC,CL1-SW,FRANKEL (GB),DADDYS POPPIT (USA),SCAT DADDY (USA),WARWICK FARM,,,13.00,51.00,61.00,3.50,Scratched,03/03/23,18,13/02/23,16,,,,,,,,,1,0,2,1,0,1,0,0,0,0,1,4,55.0,55.0,52.5,,
RANDWICK INS,5,ALL TOO HARD @ VINERY STUD (BM64),1800,"60,000",BM-64,Claim,04.30 pm,25/10/2023,5,'3152,2,5,1,3,YET HE MOVES,1,59.0,10.00,83,87,6,1,2,17,33,up,- 1.5,dn,6183,17,0,0,0,0,0,1,0,0,0,0,0,0,1,1,3,0,1,3,0,0,0,6,6,6,5,8,8,,,C J WALLER,4,G,Tommy Berry,,S5,M5,0.96,1.01,1.13,B,B,5,0,1,2,1,0,2,0,0,1,0,1,1,0,0,0,0,0,0,0,0,0,0,0,0,,,,,,,,,,40.0,08/10/23,36.5,23/02/23,,,35.5,15/09/23,38.5,08/08/23,1600,0,0,0,0,0,0,40.0,40.0,08/10/2023,2,35.0,35.5,15/09/2023,5,39.0,40.0,24/08/2023,1,37.5,38.5,08/08/2023,3,28.5,31.5,15/03/2023,5,33.0,36.5,23/02/2023,8,,,,,,,,,,,,,,,,,,,,,,,,,,,16,35,155,23,55,209,0,0,0,138,256,1302,907,1652,6144,284,481,2322,4,18,48,2000,0.2,59.0,1850,2.5,59.0,1600,0.8,59.0,1500,0.8,59.0,HAWK,3Y+CL1,NEWC,CL1-SW,GOSF,MDN-SW,HAWK,MDN-SW,ADELAIDE (IRE),ROCK DREAMING,FASTNET ROCK,ROSEHILL,,,5.00,3.70,2.60,5.50,,24/08/23,16,,,,,,,,,,,1,0,1,0,1,2,0,1,3,0,0,0,59.0,58.5,,,
RANDWICK INS,5,ALL TOO HARD @ VINERY STUD (BM64),1800,"60,000",BM-64,Claim,04.30 pm,25/10/2023,6,'4x84,4,8,4,,LYRICAL GANGSTER (NZ),10,58.5,41.00,72,70,5,1,1,20,20,eq,- 2.5,up,6160,11,0,0,0,0,0,0,0,0,0,0,0,0,0,1,3,1,0,2,0,0,0,10,10,8,8,4,10,,,C J WALLER,4,G,Tyler Schiller,,S7,B7,0.84,1.11,0.93,B,B,3,1,0,2,0,1,2,0,0,1,0,0,0,0,0,0,0,0,0,0,0,0,0,0,1,17/05/2023,36.5,39.0,,,,,,,37.5,14/10/23,41.0,06/05/23,,,,,40.0,22/04/23,1250,0,0,0,0,0,2,37.5,37.5,14/10/2023,4,37.0,37.0,02/10/2023,8,36.5,39.0,17/05/2023,4,38.5,41.0,06/05/2023,3,37.5,40.0,22/04/2023,1,,,,,,,,,,,,,,,,,,,,,,,,,,,,,,,63,130,584,125,246,1045,0,0,0,138,256,1302,907,1652,6144,284,481,2322,2,7,18,1600,2.8,58.5,1400,2.7,54.5,1600,2.4,56.5,1500,2.3,58.5,NEWC,BM-64,WFRM,BM-72,WFRM,3YB-68,KEMB,BM-64,PROISIR,DREAM RUN (NZ),PINS,ROSEHILL,,,8.00,13.00,5.00,4.50,,22/04/23,frs,,,,,,,,,,,0,0,0,0,1,1,1,0,3,0,0,1,58.5,,,,
RANDWICK INS,5,ALL TOO HARD @ VINERY STUD (BM64),1800,"60,000",BM-64,Claim,04.30 pm,25/10/2023,7,'3135,5,3,1,3,CONDRIEU,4,58.0,4.50,96,100,12,2,4,17,33,dn,- 6.0,dn,6181,23,0,0,0,1,1,2,0,0,0,0,0,0,2,1,8,0,3,4,0,0,0,2,1,7,6,5,1,2,13,J O'SHEA,6,M,Zac Lloyd,a0.0,S6,O3,1.11,0.94,1.00,A,A,7,1,1,3,0,0,2,0,1,2,1,1,2,0,1,2,0,0,1,0,0,0,0,0,0,,,,,,,,,,40.5,20/09/23,39.0,04/04/23,36.5,16/09/22,39.5,29/08/23,39.0,04/04/23,1400 1850,0,0,0,0,1,3,38.0,38.0,02/10/2023,5,40.5,40.5,20/09/2023,3,39.5,39.5,29/08/2023,1,38.5,38.5,10/08/2023,3,36.5,36.5,27/07/2023,4,37.5,37.5,08/07/2023,4,38.5,38.5,19/04/2023,4,39.0,39.0,04/04/2023,2,36.5,36.5,05/02/2023,,,,,,,,,,,,,,,,79,97,416,107,148,579,0,0,1,25,78,295,155,277,971,75,146,575,1,6,9,2200,2.0,54.0,2110,0.4,54.0,1850,2.0,57.0,1850,0.6,57.0,WFRM,BM-72,WFRM,BM-72,NEWC,CL1-SW,NEWC,CL1-SW,SEBRING,JEHANNEDARC (IRE),MONTJEU (IRE),HAWKESBURY,,,5.00,5.50,5.00,2.50,,29/08/23,19,05/02/23,142,,,,,,,,,1,1,3,1,0,2,0,3,5,0,0,2,56.5,57.0,52.5,57.0,
RANDWICK INS,5,ALL TOO HARD @ VINERY STUD (BM64),1800,"60,000",BM-64,Claim,04.30 pm,25/10/2023,8,'2861,1,6,8,2,VERBEK (NZ),6,58.0,6.00,91,95,34,3,12,9,35,eq,- 3.5,dn,6302,13,0,1,1,0,0,5,0,0,0,0,0,0,1,8,19,1,4,11,1,0,4,3,3,4,4,9,11,,,R & L PRICE,5,G,Ms K. O'Hara,,G2,O2,0.52,0.95,1.13,B,D,13,0,3,6,1,3,5,0,2,5,0,0,5,1,1,3,0,0,3,1,3,7,0,0,0,,,,,,,,,,38.5,12/10/23,44.5,24/09/22,44.5,24/05/22,35.0,30/09/23,44.5,24/05/22,1000 1500 2000,0,0,0,0,4,18,38.5,38.5,12/10/2023,1,35.0,35.0,30/09/2023,6,31.0,31.0,09/09/2023,8,37.5,37.5,26/08/2023,2,27.5,27.5,16/08/2023,8,36.5,36.5,05/08/2023,2,33.0,33.5,29/07/2023,8,38.0,38.5,01/07/2023,2,39.0,44.5,24/05/2022,35.0,41.0,10/04/2022,,,,,,,,,,,,,13,19,202,27,52,416,1,0,3,5,11,70,19,48,194,41,79,374,2,3,9,2000,1.5,56.0,1800,2.0,53.0,1600,5.5,57.0,1600,1.0,57.0,KEMB,BM-64,RAND,BM-72,KEMB,BM-64,KEMB,BM-64,TURN ME LOOSE (NZ),CHAPCHICK (NZ),HIGH CHAPARRAL (IRE),KEMBLA GRANGE,,,4.50,61.00,4.20,7.00,,12/10/23,12,24/05/22,17,10/04/22,17,,,,,,,1,6,7,1,1,8,1,4,9,0,1,10,54.0,57.5,52.0,57.0,
RANDWICK INS,5,ALL TOO HARD @ VINERY STUD (BM64),1800,"60,000",BM-64,Claim,04.30 pm,25/10/2023,9,' 411,1,1,4,,DEAD OF NIGHT,3,56.5,4.00,100,97,3,2,0,67,0,up,+ 1.5,up,11692,19,0,0,0,0,0,0,0,0,0,0,0,0,1,0,2,1,0,1,0,0,0,1,2,12,10,12,9,,,ANNABEL NEASHAM,3,C,A. Hyeronimus,,G2,O3,0.84,0.97,1.01,C,A,4,0,0,1,1,0,1,1,0,1,0,0,0,0,0,0,0,0,0,0,0,0,0,0,0,,,,,,,,,,40.0,06/10/23,,,,,,,40.0,06/10/23,1500 1600,0,0,0,0,0,0,40.0,40.0,06/10/2023,1,36.5,37.0,22/09/2023,1,32.5,33.5,29/08/2023,4,,,,,,,,,,,,,,,,,,,,,,,,,,,,,,,,,,,,,,,20,31,170,40,56,262,0,0,0,44,79,325,119,233,775,175,317,1094,1,2,10,1600,1.0,57.5,1500,0.2,56.5,1300,5.0,56.5,,,,CANB,CL1-SW,GOUL,MDN-SW,NEWC,MDN-SW,,,SNITZEL,STREET SECRET (USA),STREET CRY (IRE),WARWICK FARM,,,2.50,7.50,13.00,,,06/10/23,14,22/09/23,24,,,,,,,,,0,0,0,1,0,1,1,0,2,0,0,0,,,,,
RANDWICK INS,5,ALL TOO HARD @ VINERY STUD (BM64),1800,"60,000",BM-64,Claim,04.30 pm,25/10/2023,10,'x318,8,1,3,,MATUSALEM,2,55.5,10.00,85,88,6,1,2,17,33,eq,- 2.0,up,8879,18,0,1,1,0,0,0,0,0,0,0,0,0,1,1,4,0,1,2,0,0,0,5,5,13,11,13,7,,,C J WALLER,3,C,K. Mc Evoy,,M5,M6,0.75,0.84,1.01,C,A,4,0,2,2,1,0,2,0,0,2,0,0,0,0,0,0,0,0,0,0,0,0,0,0,0,,,,,,,,,,40.0,21/09/23,38.5,06/05/23,,,,,38.5,10/04/23,1500,0,0,0,0,0,2,34.5,34.5,07/10/2023,8,39.5,40.0,21/09/2023,1,30.5,31.0,06/09/2023,3,31.0,34.5,27/05/2023,7,34.5,38.5,06/05/2023,4,33.5,38.5,10/04/2023,2,,,,,,,,,,,,,,,,,,,,,,,,,,,40,88,497,65,150,733,0,0,2,138,256,1302,907,1652,6144,284,481,2322,27,30,176,1600,5.1,56.5,1500,1.5,56.5,1300,4.8,59.0,1400,6.6,56.0,KEMB,BM-64,HAWK,MDN-SW,RANI,3Y-MDN,RAND,2YO,THE AUTUMN SUN,MISS DODWELL,FALBRAV (IRE),ROSEHILL,31.0,06/09/23,3.20,1.40,6.50,5.00,,21/09/23,15,,,,,,,,,,,1,0,1,0,0,2,0,1,2,0,1,1,56.5,56.0,,,
RANDWICK INS,5,ALL TOO HARD @ VINERY STUD (BM64),1800,"60,000",BM-64,Claim,04.30 pm,25/10/2023,11,'6x76,6,7,6,,BRYNNER (NZ),8,58.0,126,61,63,23,2,7,9,30,dn,- 4.5,up,3885,15,0,0,1,0,0,1,0,0,0,0,0,0,0,3,8,1,3,8,1,1,7,14,13,2,13,6,4,,,J C COYLE,5,G,J. R. Collett,,M6,M6,0.67,0.96,0.93,B,D,3,0,2,5,1,0,5,0,1,3,0,2,3,1,0,3,0,1,2,0,1,2,0,1,3,04/03/2023,33.0,34.5,18/07/2022,36.5,41.0,31/12/2021,24.0,32.5,33.0,10/10/23,42.0,10/04/23,41.0,16/08/22,33.5,03/09/22,42.0,10/04/23,1600 (2),0,0,1,0,2,8,33.0,33.0,10/10/2023,6,27.5,27.5,20/09/2023,7,36.5,37.5,06/05/2023,6,40.0,41.0,19/04/2023,3,41.0,42.0,10/04/2023,3,38.0,39.5,28/03/2023,4,39.0,40.5,14/03/2023,3,33.0,34.5,04/03/2023,9,37.0,41.0,16/08/2022,34.5,39.0,08/07/2022,,,,,,,,,,,,,57,124,497,102,201,763,0,0,0,7,15,115,46,117,478,23,55,379,0,2,6,1500,4.6,56.5,1300,7.3,54.0,2400,3.0,54.0,2130,0.8,54.5,NEWC,BM-68,WFRM,BM-78,CDRA,BM-78,WFRM,BM-72,CONTRIBUTER (IRE),TOASTOFBROADWAY (USA),THEATRICAL (IRE),WARWICK FARM,36.5,03/02/23,11.00,151,21.00,11.00,,16/08/22,12,08/07/22,20,,,,,,,,,0,0,0,0,1,1,2,2,9,0,4,13,54.0,58.0,57.5,53.0,
RANDWICK INS,5,ALL TOO HARD @ VINERY STUD (BM64),1800,"60,000",BM-64,Claim,04.30 pm,25/10/2023,12,'3341,1,4,3,3,DEEP FURY,,57.5,,,,19,2,8,11,42,,,,4425,10,0,0,0,0,0,0,0,0,0,0,0,0,2,6,14,0,1,3,0,1,2,8,8,9,7,10,2,,,G PORTELLI,4,G,,,M4,M4,0.46,0.95,0.93,B,C,18,0,1,2,0,1,2,0,0,1,0,1,1,0,0,1,0,0,1,2,5,11,0,0,0,,,,,,,,,,38.5,15/10/23,36.5,08/07/22,,,,,38.5,10/08/23,1400 1600,0,0,0,0,0,0,38.5,38.5,15/10/2023,1,33.0,33.0,01/10/2023,4,34.0,34.5,22/09/2023,3,30.0,30.5,09/09/2023,3,37.5,38.5,27/08/2023,2,37.5,38.5,10/08/2023,4,34.5,36.0,13/07/2023,7,36.5,38.5,20/06/2023,1,,,,,,,,,,,,,,,,,,,0,0,0,0,0,0,0,0,0,14,38,179,75,156,664,37,115,443,0,0,0,1600,1.3,60.0,1600,2.0,57.5,1300,1.8,57.5,1400,2.5,53.5,NWRA,BM-58,COOT,CL1-SW,GOUL,CLS1,KEMB,CLS1,DEEP FIELD,FURIOSA,MORE THAN READY (USA),WARWICK FARM,,,1.80,1.90,4.50,12.00,Scratched,15/10/23,14,20/06/23,15,,,,,,,,,1,0,2,1,3,4,0,4,9,0,1,4,58.0,56.5,57.0,59.0,
RANDWICK INS,5,ALL TOO HARD @ VINERY STUD (BM64),1800,"60,000",BM-64,Claim,04.30 pm,25/10/2023,13,'0083,3,8,0,0,NAVAL WARFARE (IRE),9,57.0,101,65,61,70,7,16,10,23,eq,- 3.5,dn,9228,13,1,0,5,1,2,12,0,0,3,0,0,0,5,14,45,0,1,17,2,1,8,13,15,15,14,15,15,,,R T LEEMON,10,G,Ms B. Panya,a3.0,M6,B8,0.52,0.77,1.21,D,na,6,1,0,10,0,1,10,2,0,10,1,2,8,0,5,8,1,1,6,2,7,18,1,1,6,27/07/2022,40.5,40.5,14/11/2020,18.0,18.0,26/10/2019,41.0,41.0,35.0,12/10/23,40.5,27/07/22,38.0,26/01/22,37.0,15/06/22,40.5,27/07/22,1454 1609 1658 2100 2110 2200 2400,0,0,0,6,14,66,35.0,35.0,12/10/2023,3,15.0,15.0,27/09/2023,8,28.0,28.0,26/08/2023,10,30.0,30.0,09/08/2023,10,24.0,24.0,19/07/2023,11,26.5,26.5,12/10/2022,6,15.0,15.0,03/10/2022,8,29.5,29.5,21/09/2022,6,40.5,40.5,27/07/2022,53.5,53.5,01/01/2019,51.5,51.5,22/12/2018,49.5,50.5,18/04/2018,43.0,47.0,12/08/2017,42.5,48.0,09/05/2017,0,1,13,15,27,198,0,1,5,0,1,8,1,1,9,4,6,44,1,0,2,2000,3.0,55.0,1800,16.3,51.0,1800,7.6,51.0,1600,6.4,52.5,KEMB,BM-64,ROSE,BM-72,ROSE,BM-72,WFRM,BM-72,BORN TO SEA (IRE),THREE DAYS IN MAY (GB),CADEAUX GENEREUX (GB),WARWICK FARM,37.0,15/06/22,101,151,201,201,,27/07/22,14,01/01/19,10,22/12/18,14,18/04/18,18,12/08/17,14,09/05/17,235,4,2,7,1,5,10,0,5,13,2,4,40,52.5,55.0,57.5,58.0,
RANDWICK INS,5,ALL TOO HARD @ VINERY STUD (BM64),1800,"60,000",BM-64,Claim,04.30 pm,25/10/2023,14,'6x53,3,5,6,,COUNTER (GB),,56.5,,,,6,0,3,0,50,,,,2413,20,0,0,0,0,1,1,0,0,0,0,0,0,0,1,3,0,2,3,0,0,0,11,12,14,12,11,12,,,C J WALLER,4,G,,,M6,M6,1.06,1.13,1.11,B,B,3,0,0,3,0,2,2,0,1,1,0,0,0,0,0,0,0,0,0,0,0,0,0,1,1,29/09/2022,23.0,30.5,,,,,,,35.5,05/10/23,34.5,20/05/23,35.5,06/09/22,35.5,05/10/23,35.5,05/10/23,,0,0,0,0,1,2,35.5,35.5,05/10/2023,3,34.0,34.5,21/09/2023,5,32.0,34.5,20/05/2023,6,23.0,30.5,29/09/2022,3,28.0,35.5,06/09/2022,3,15.0,23.0,16/08/2022,7,,,,,,,,,,,,,,,,,,,,,,,,,,,0,0,0,0,0,0,0,0,0,138,256,1302,907,1652,6144,284,481,2322,0,0,0,1900,2.6,59.0,1500,3.7,59.0,1400,4.7,59.0,2012,7.3,59.0,GOSF,3Y+MSW,HAWK,MDN-SW,NEWC,3Y+MSW,GB,2Y-CL4,LOPE DE VEGA (IRE),RIPOSTE (GB),DANSILI (GB),ROSEHILL,,,6.50,21.00,41.00,1.00,Scratched,,,,,,,,,,,,,0,1,1,0,0,0,0,1,2,0,1,3,60.5,60.5,,,
RANDWICK INS,5,ALL TOO HARD @ VINERY STUD (BM64),1800,"60,000",BM-64,Claim,04.30 pm,25/10/2023,15,'7436,6,3,4,7,SIAN,,55.0,,,,51,4,15,8,29,,,,3585,7,0,0,1,0,0,3,0,0,1,0,0,0,4,6,28,0,4,14,0,5,9,15,11,10,9,14,13,,,MARK CROSS,6,G,,,S7,M6,0.97,1.22,1.11,B,na,34,0,1,4,1,0,4,0,1,2,1,0,2,0,1,2,0,1,2,2,11,35,0,0,0,,,,,,,,,,40.5,01/07/23,47.0,18/05/21,47.0,22/10/20,35.5,18/10/23,46.0,06/08/21,1300 1400 1600 (2),0,3,7,0,4,14,35.5,35.5,18/10/2023,6,33.5,33.5,28/09/2023,3,36.5,36.5,09/09/2023,4,34.0,34.0,27/08/2023,7,38.0,38.0,15/07/2023,10,40.5,40.5,01/07/2023,7,36.0,36.0,17/06/2023,4,37.0,37.0,03/06/2023,3,37.5,37.5,09/03/2023,42.0,45.0,28/10/2021,41.5,47.0,18/05/2021,37.0,47.0,22/10/2020,,,,,,,0,0,0,0,0,0,0,0,0,0,1,5,0,1,3,2,8,44,0,0,0,1800,5.4,54.0,1600,4.5,55.0,1600,2.7,55.0,1350,3.5,55.0,RANI,BM-72,WYON,BM-64,KEMB,BM-64,WYON,BM-64,PRIDE OF DUBAI,FIVE STAR BELLE,GENERAL NEDIYM,WYONG,35.5,18/10/23,61.00,15.00,12.00,9.00,Scratched,09/03/23,46,28/10/21,10,18/05/21,15,22/10/20,13,,,,,1,2,3,1,1,3,0,9,21,2,3,24,54.0,54.0,55.0,55.0,
RANDWICK INS,6,CACTUS IMAGING (BM64),1100,"60,000",BM-64,Claim,05.10 pm,25/10/2023,1,'933x,3,3,9,,FIRE AND ICE,,61.5,,,,16,2,5,13,31,,,,7406,63,0,1,1,2,4,15,0,1,1,0,0,0,0,2,5,2,3,9,0,0,2,12,12,1,0,1,3,,,M S MINERVINI,4,G,,,M5,M3,1.01,1.21,0.94,D,E,1,1,1,4,0,0,4,0,2,3,1,0,2,0,0,1,0,1,1,0,1,1,1,1,4,27/04/2023,37.0,39.5,05/11/2022,33.5,40.0,19/07/2022,30.0,38.5,,,41.0,01/06/23,40.0,15/11/22,41.0,01/06/23,41.0,01/06/23,1000 1100,0,0,0,1,2,8,38.0,39.0,23/08/2023,3,38.5,39.5,18/08/2023,3,31.0,33.0,17/06/2023,9,39.0,41.0,01/06/2023,1,37.0,39.5,20/05/2023,2,33.0,35.5,12/05/2023,4,37.0,39.5,27/04/2023,3,33.5,40.0,15/11/2022,6,30.0,38.5,19/07/2022,,,,,,,,,,,,,,,,0,0,0,0,0,0,0,0,0,2,11,36,2,15,71,27,41,178,0,0,0,1000,1.2,57.5,1000,0.4,59.5,1100,5.0,56.0,1100,2.0,58.0,RANI,BM-72,TARE,BM-74,ROSE,BM-72,WYON,BM-68,HELLBENT,CERSEI,ALL TOO HARD,NEWCASTLE,39.0,23/08/23,6.50,2.10,10.00,1.90,Scratched,01/06/23,12,19/07/22,143,,,,,,,,,2,2,5,0,1,2,0,2,3,0,0,6,59.5,59.5,59.5,59.0,
RANDWICK INS,6,CACTUS IMAGING (BM64),1100,"60,000",BM-64,Claim,05.10 pm,25/10/2023,2,'48x0,0,8,4,,CARDONE,4,60.5,126,62,56,4,1,0,25,0,dn,- 6.5,dn,8400,14,0,0,0,1,0,4,0,0,0,0,0,0,1,0,3,0,0,1,0,0,0,14,14,8,9,3,14,,,"M, W & J HAWKES",4,G,K. Jennings,,M5,M5,0.84,0.92,0.94,D,A,2,1,0,2,0,0,1,0,0,1,0,0,0,0,0,0,0,0,0,0,0,0,0,0,1,21/01/2023,36.5,41.0,,,,,,,35.0,11/10/23,42.0,16/12/22,,,42.0,16/12/22,41.0,21/01/23,1100,0,0,0,0,0,3,35.0,35.0,11/10/2023,12,36.0,40.0,08/02/2023,8,36.5,41.0,21/01/2023,4,36.5,42.0,16/12/2022,1,,,,,,,,,,,,,,,,,,,,,,,,,,,,,,,,,,,3,5,55,69,108,454,0,0,0,46,82,376,267,422,1589,79,135,580,6,14,31,1200,4.6,56.5,1200,4.1,56.5,1100,1.3,56.0,1100,0.4,57.5,WFRM,BM-72,WFRM,BM-72,RAND,3YB-72,CANT,3Y+MSW,WRITTEN TYCOON,PRIDE ROCK,FASTNET ROCK,ROSEHILL,,,6.50,4.50,9.00,6.50,,16/12/22,frs,,,,,,,,,,,0,0,0,0,0,1,1,0,3,0,0,0,,,,,
RANDWICK INS,6,CACTUS IMAGING (BM64),1100,"60,000",BM-64,Claim,05.10 pm,25/10/2023,3,'x13x,3,1,,,FLEETWOOD,7,59.0,7.50,85,88,3,1,1,33,33,dn,- 5.5,eq,13983,137,0,0,0,1,1,3,0,0,0,0,0,0,0,0,0,1,1,3,0,0,0,6,6,13,0,7,7,,,JAMES CUMMINGS,3,C,Zac Lloyd,a0.0,M5,M6,1.08,1.14,1.23,A,A,1,1,0,2,0,1,1,0,0,0,0,0,0,0,0,0,0,0,0,0,0,0,1,0,2,17/05/2023,33.0,36.5,21/01/2023,29.5,36.5,,,,,,38.0,10/06/23,36.5,21/01/23,38.0,10/06/23,38.0,10/06/23,1100,0,0,0,0,1,2,35.0,38.0,10/06/2023,3,33.0,36.5,17/05/2023,1,29.5,36.5,21/01/2023,8,,,,,,,,,,,,,,,,,,,,,,,,,,,,,,,,,,,,,,,79,97,416,107,148,579,0,0,0,94,113,490,469,751,2698,172,229,885,33,38,152,1100,3.3,57.0,1100,0.2,58.0,1000,7.4,57.0,,,,RAND,2YO,WFRM,2Y-MDN,RAND,2YO,,,ENCRYPTION,JENNIFER JUNIPER,TIME THIEF,AGNES BANKS,,,11.00,3.50,4.50,,,17/05/23,116,,,,,,,,,,,1,0,1,0,0,1,0,1,1,0,0,0,,,,,
RANDWICK INS,6,CACTUS IMAGING (BM64),1100,"60,000",BM-64,Claim,05.10 pm,25/10/2023,4,'13x9,9,3,1,,WAIKIKI,3,59.0,7.00,89,90,6,1,3,17,50,dn,- 4.5,eq,10904,14,0,2,3,1,3,5,0,2,2,0,0,0,0,1,2,1,1,2,0,1,2,5,4,5,3,4,6,1,16,C J WALLER,4,M,K. Mc Evoy,,S5,B6,0.95,1.06,1.04,C,B,2,0,2,3,1,0,2,0,1,1,0,0,0,0,0,0,0,0,0,0,0,0,1,0,2,17/05/2023,37.0,39.5,10/08/2022,29.0,37.0,,,,37.5,11/10/23,39.5,12/06/23,38.5,20/07/22,39.5,12/06/23,39.5,17/05/23,1100,0,0,0,0,1,2,37.5,37.5,11/10/2023,9,37.5,39.5,12/06/2023,3,37.0,39.5,17/05/2023,1,34.0,36.5,25/04/2023,2,29.0,37.0,10/08/2022,7,30.0,38.5,20/07/2022,2,,,,,,,,,,,,,,,,,,,,,,,,,,,40,88,497,65,150,733,0,1,1,138,256,1302,907,1652,6144,284,481,2322,27,30,176,1100,2.6,57.5,1100,1.6,55.0,1100,0.4,56.5,1100,0.4,55.0,WFRM,FMB-72,WFRM,BM-72,WFRM,3YB-64,RANI,3Y-MSW,CAPITALIST,LAUCALA,MORE THAN READY (USA),ROSEHILL,38.5,20/07/22,6.00,3.00,4.70,3.70,,17/05/23,22,,,,,,,,,,,0,1,2,1,1,2,0,0,1,0,1,1,56.0,56.0,,,
RANDWICK INS,6,CACTUS IMAGING (BM64),1100,"60,000",BM-64,Claim,05.10 pm,25/10/2023,5,'17x0,0,7,1,,CONSENZA,2,58.5,61.00,65,66,8,2,1,25,13,dn,- 6.0,eq,8994,23,0,0,0,1,1,5,0,0,0,0,0,0,0,1,6,2,0,2,0,0,0,13,13,6,11,10,13,,,"M, W & J HAWKES",4,M,Tommy Berry,,G5,M5,0.89,0.93,1.04,C,A,2,1,0,3,1,1,2,0,0,2,0,0,1,0,0,0,0,0,0,0,0,0,1,1,2,24/05/2023,38.5,41.0,17/11/2022,31.5,38.0,,,,29.5,02/10/23,41.0,24/05/23,38.0,17/11/22,39.0,11/05/23,41.0,24/05/23,1100 1250,0,0,0,0,0,2,29.5,29.5,02/10/2023,12,36.0,38.0,12/06/2023,7,38.5,41.0,24/05/2023,1,36.5,39.0,11/05/2023,1,21.0,26.5,16/12/2022,10,29.0,35.5,30/11/2022,4,31.5,38.0,17/11/2022,3,28.0,35.0,29/10/2022,7,,,,,,,,,,,,,,,,,,,16,35,155,23,55,209,0,0,0,46,82,376,267,422,1589,79,135,580,2,4,22,1100,8.5,55.0,1100,3.6,55.0,1250,0.2,56.0,1100,0.4,57.0,WFRM,BM-72,WFRM,BM-72,CANT,3YB-64,WYON,MDN-SW,ZOUSTAR,SILVER MAGIC SHIPS,SEBRING,ROSEHILL,,,21.00,7.50,21.00,3.50,,24/05/23,13,11/05/23,146,,,,,,,,,1,0,1,0,0,0,0,1,5,1,0,2,54.5,55.0,55.5,55.5,
RANDWICK INS,6,CACTUS IMAGING (BM64),1100,"60,000",BM-64,Claim,05.10 pm,25/10/2023,6,'3x16,6,1,3,,DIVINE VICKY,,58.5,,,,5,2,2,40,40,,,,9475,14,0,0,0,2,2,5,0,0,0,0,0,0,2,2,5,0,0,0,0,0,0,9,9,4,1,5,4,,,MATTHEW SMITH,4,M,,,M6,M6,1.04,1.07,1.04,C,C,3,2,0,2,0,1,2,0,1,1,0,0,0,0,0,0,0,0,0,0,0,0,0,1,1,08/07/2023,38.0,39.5,,,,,,,40.5,22/09/23,40.5,20/06/23,,,40.5,22/09/23,,,1100 1200,0,0,0,0,1,2,39.0,39.0,11/10/2023,6,40.0,40.5,22/09/2023,1,38.0,39.5,08/07/2023,3,38.5,40.5,20/06/2023,3,38.0,40.5,06/05/2023,1,,,,,,,,,,,,,,,,,,,,,,,,,,,,,,,0,0,0,0,0,0,0,0,0,15,50,206,85,166,636,96,190,778,0,0,0,1100,1.9,56.5,1100,0.8,58.0,1200,1.2,56.5,1200,0.2,56.0,WFRM,FMB-72,SCON,CLS2,NEWC,BM-64,NWRA,CLS3,SO YOU THINK (NZ),DIVINE DAY,DOMESDAY,WARWICK FARM,,,10.00,5.50,4.20,2.50,Scratched,22/09/23,76,06/05/23,frs,,,,,,,,,1,1,2,0,1,1,1,0,1,0,0,1,57.0,,,,
RANDWICK INS,6,CACTUS IMAGING (BM64),1100,"60,000",BM-64,Claim,05.10 pm,25/10/2023,7,'438x,8,3,4,,ONE DESTINY,5,58.5,34.00,70,68,27,3,8,11,30,up,- 2.0,eq,4915,91,0,3,4,3,7,22,0,3,3,0,0,0,0,2,8,2,3,11,1,3,8,11,11,2,0,2,1,2,12,G R NICKSON,4,G,A. B. Collett,,S7,B7,0.98,1.21,0.94,D,na,1,1,0,4,0,2,4,0,0,3,0,0,2,0,0,2,0,2,2,2,4,10,1,0,4,31/12/2022,31.0,36.5,09/07/2022,20.0,29.0,21/01/2022,21.5,35.5,,,42.5,25/05/23,42.5,02/09/22,42.5,25/05/23,42.5,25/05/23,1000 (2) 1200,0,1,2,0,1,7,30.0,31.5,26/07/2023,8,37.0,38.5,05/07/2023,3,39.5,41.5,24/06/2023,4,40.0,42.0,14/06/2023,3,40.0,42.5,25/05/2023,1,37.5,40.0,09/05/2023,1,30.0,32.5,27/04/2023,5,35.5,38.5,15/04/2023,2,31.0,36.5,31/12/2022,,,,,,,,,,,,,,,,3,10,78,84,163,703,2,3,6,3,3,34,3,3,18,13,9,98,4,3,14,1100,5.9,59.5,1000,2.6,55.5,1100,1.1,54.0,1000,1.7,59.5,CANT,3YB-64,RANI,BM-72,RAND,BM-72,RANI,BM-64,SUPER ONE,STAR OF DESTINY,POWER OF DESTINY,WARWICK FARM,42.0,14/06/23,13.00,8.00,5.00,12.00,,25/05/23,16,09/05/23,12,31/12/22,107,,,,,,,2,0,3,1,1,3,0,3,11,0,4,10,57.0,58.5,55.0,55.0,
RANDWICK INS,6,CACTUS IMAGING (BM64),1100,"60,000",BM-64,Claim,05.10 pm,25/10/2023,8,'8057,7,5,0,8,PINK BAROQUE,,57.5,,,,14,2,3,14,21,,,,7454,14,0,0,4,0,0,4,0,0,2,0,0,0,2,2,11,0,1,3,0,0,0,10,10,3,4,6,12,,,C J WALLER,4,M,,,S6,M5,1.05,1.02,1.04,C,B,7,1,0,3,0,0,2,1,0,2,0,1,2,0,0,2,0,1,2,0,1,1,0,1,1,04/03/2023,33.5,36.5,,,,,,,41.0,12/07/23,40.5,17/02/23,36.5,29/06/22,38.0,10/12/22,40.5,17/02/23,1250 1400,0,1,1,0,0,6,37.5,37.5,11/10/2023,7,37.0,37.5,27/09/2023,5,31.5,32.0,06/09/2023,11,35.0,36.0,23/08/2023,8,37.5,38.5,05/08/2023,7,39.5,41.0,12/07/2023,1,33.5,36.5,04/03/2023,3,37.0,40.5,17/02/2023,3,30.0,35.5,26/12/2022,,,,,,,,,,,,,,,,0,0,0,0,0,0,0,0,0,138,256,1302,907,1652,6144,284,481,2322,0,0,0,1100,2.0,56.0,1300,3.4,56.5,1400,7.5,57.5,1150,4.6,58.0,WFRM,FMB-72,ROSE,FMB-72,RANI,FMB-72,RANI,FMB-72,CARAVAGGIO (USA),JAIPUR PRINCESS,REDOUTE'S CHOICE,ROSEHILL,39.0,03/02/23,41.00,21.00,26.00,3.70,Scratched,12/07/23,130,26/12/22,16,,,,,,,,,0,1,2,0,1,2,0,1,2,2,0,8,55.5,58.0,56.5,57.5,
RANDWICK INS,6,CACTUS IMAGING (BM64),1100,"60,000",BM-64,Claim,05.10 pm,25/10/2023,9,'42x1,1,2,4,,GUSTOSISIMO,6,57.0,2.50,100,100,4,1,1,25,25,up,+  .0,eq,10206,17,0,0,0,1,1,4,0,0,0,0,0,0,1,0,2,0,1,2,0,0,0,1,1,10,6,9,10,3,10,G RYAN & S ALEXIOU,3,G,B. Prebble,,G3,O3,0.84,1.04,1.17,A,A,2,1,0,2,0,0,1,0,1,1,0,0,0,0,0,0,0,0,0,0,0,0,0,0,1,10/04/2023,27.5,32.5,,,,,,,39.0,08/10/23,45.0,11/03/23,,,45.0,11/03/23,40.5,27/04/23,1100,0,0,0,0,0,1,39.0,39.0,08/10/2023,1,36.0,40.5,27/04/2023,2,27.5,32.5,10/04/2023,4,39.0,45.0,11/03/2023,6,,,,,,,,,,,,,,,,,,,,,,,,,,,,,,,,,,,24,60,277,40,98,391,1,0,1,25,63,228,88,171,607,69,128,475,4,3,14,1100,3.0,56.5,1200,1.5,56.0,1100,3.7,56.0,1200,4.2,55.5,HAWK,3Y+MSW,WYON,MAIDEN,WFRM,2Y-MSW,ROSE,2YO-G3,EXCEED AND EXCEL,KANIANA,CANNY LAD,ROSEHILL,,,1.40,2.80,5.50,17.00,,08/10/23,164,,,,,,,,,,,1,0,1,0,1,1,0,0,1,0,0,1,,,,,
RANDWICK INS,6,CACTUS IMAGING (BM64),1100,"60,000",BM-64,Claim,05.10 pm,25/10/2023,10,'7221,1,2,2,7,THERE THERE,,57.0,,,,8,1,6,13,75,,,,8109,15,0,1,1,0,4,5,0,1,1,0,0,0,1,3,4,0,3,4,0,0,0,7,7,7,2,11,2,,,C MAHER & D EUSTACE,4,M,,,G2,O2,0.81,1.01,0.95,C,A,6,0,3,3,0,1,2,0,1,1,0,1,1,1,0,1,0,0,0,0,0,0,0,0,0,,,,,,,,,,39.0,07/09/23,37.5,11/12/22,38.5,09/06/22,38.5,09/06/22,38.5,17/08/23,1300,0,0,0,0,0,0,38.0,38.0,10/10/2023,1,38.5,39.0,07/09/2023,2,37.5,38.5,17/08/2023,2,25.5,27.0,26/07/2023,7,34.5,36.0,05/07/2023,2,31.5,37.5,11/12/2022,3,25.5,34.5,04/07/2022,2,28.5,38.5,09/06/2022,2,,,,,,,,,,,,,,,,,,,0,0,0,0,0,0,0,0,0,145,209,990,522,799,3094,358,513,2039,0,0,0,1300,0.7,57.0,1300,1.3,59.5,1300,0.5,57.0,1200,8.0,59.5,NEWC,4Y+MSW,HAWK,MAIDEN,HAWK,MDN-SW,CANT,23F-MD,I AM INVINCIBLE,DIDDUMS,SNITZEL,WARWICK FARM,36.0,05/07/23,2.70,3.50,9.00,3.50,Scratched,10/10/23,33,,,,,,,,,,,1,3,5,0,2,2,0,1,1,0,0,0,54.0,56.0,56.0,57.0,
RANDWICK INS,6,CACTUS IMAGING (BM64),1100,"60,000",BM-64,Claim,05.10 pm,25/10/2023,11,'1731,1,3,7,1,JUST GISELLA,,56.5,,,,5,2,1,40,20,,,,12275,15,0,0,0,1,1,4,0,0,0,0,0,0,1,1,3,1,0,1,0,0,1,8,8,11,7,12,11,,,MICHAEL FREEDMAN,3,F,,,G2,O2,0.91,na,1.17,B,B,5,1,0,2,0,0,1,0,1,1,1,0,1,0,0,0,0,0,0,0,0,0,0,0,0,,,,,,,,,,40.0,30/09/23,43.0,01/10/22,,,43.0,01/10/22,43.0,01/10/22,1100 1300,0,0,0,0,0,1,39.5,39.5,10/10/2023,1,39.5,40.0,30/09/2023,3,30.5,31.5,30/08/2023,7,37.0,38.0,08/08/2023,1,33.0,43.0,01/10/2022,8,,,,,,,,,,,,,,,,,,,,,,,,,,,,,,,0,0,0,0,0,0,0,0,0,13,28,104,22,41,146,55,72,266,0,0,0,1300,0.2,56.5,1200,2.0,55.5,1200,4.6,57.0,1100,1.0,55.0,NEWC,FM-CL1,NEWC,BM-64,WFRM,3YB-64,HAWK,MAIDEN,JUSTIFY (USA),HALLE ROCKS,FASTNET ROCK,RANDWICK,,,2.70,9.00,5.50,4.50,Scratched,10/10/23,10,08/08/23,311,,,,,,,,,1,0,1,0,0,0,1,1,4,0,0,0,56.0,,,,
RANDWICK INS,6,CACTUS IMAGING (BM64),1100,"60,000",BM-64,Claim,05.10 pm,25/10/2023,12,'  13,3,1,,,UNSTOPABULL,1,56.5,3.50,98,98,2,1,1,50,50,dn,- 2.0,eq,16138,23,0,0,0,1,1,2,0,0,0,0,0,0,1,0,1,0,1,1,0,0,0,2,2,9,5,8,9,4,10,C J WALLER,3,G,Tim Clark,,S4,B4,1.10,na,1.17,A,A,3,1,0,1,0,1,1,0,0,0,0,0,0,0,0,0,0,0,0,0,0,0,0,0,0,,,,,,,,,,40.0,09/09/23,,,,,40.0,09/09/23,35.5,02/10/23,1000,0,0,0,0,1,1,35.5,35.5,02/10/2023,3,39.5,40.0,09/09/2023,1,,,,,,,,,,,,,,,,,,,,,,,,,,,,,,,,,,,,,,,,,,,49,83,357,81,133,522,0,0,0,138,256,1302,907,1652,6144,284,481,2322,0,5,17,1100,4.3,57.0,1000,0.5,56.5,,,,,,,WFRM,3YB-68,KEMB,MDN-SW,,,,,RUSSIAN REVOLUTION,SHORELINE,I AM INVINCIBLE,ROSEHILL,,,11.00,1.90,,,,09/09/23,frs,,,,,,,,,,,1,0,1,0,0,0,0,1,1,0,0,0,,,,,
RANDWICK INS,6,CACTUS IMAGING (BM64),1100,"60,000",BM-64,Claim,05.10 pm,25/10/2023,13,'  31,1,3,,,GOLD DUST,,54.5,,,,2,1,1,50,50,,,,15038,17,0,0,0,1,1,2,0,0,0,0,0,0,1,1,2,0,0,0,0,0,0,4,5,14,10,14,5,,,J O'SHEA,3,F,,,G3,O3,0.91,na,0.99,B,C,3,0,1,1,1,0,1,0,0,0,0,0,0,0,0,0,0,0,0,0,0,0,0,0,0,,,,,,,,,,40.0,08/10/23,,,,,40.0,08/10/23,,,1100,0,0,0,0,0,0,40.0,40.0,08/10/2023,1,39.0,39.5,07/09/2023,3,,,,,,,,,,,,,,,,,,,,,,,,,,,,,,,,,,,,,,,,,,,0,0,0,0,0,0,0,0,0,25,78,295,155,277,971,75,146,575,0,0,0,1100,0.1,55.5,1100,0.8,55.5,,,,,,,HAWK,FM-MSW,HAWK,FM-MSW,,,,,EXCEED AND EXCEL,SKY TREASURE (USA),SKY MESA (USA),RANDWICK,,,2.30,8.00,,,Scratched,08/10/23,31,,,,,,,,,,,1,0,1,0,0,0,0,1,1,0,0,0,,,,,
RANDWICK INS,6,CACTUS IMAGING (BM64),1100,"60,000",BM-64,Claim,05.10 pm,25/10/2023,14,'6x31,1,3,6,,REIGNING KING,,56.0,,,,3,1,1,33,33,,,,10433,20,0,0,0,1,1,3,0,0,0,0,0,0,0,1,2,1,0,1,0,0,0,3,3,12,8,13,8,,,NATHAN DOYLE,3,C,,,G3,O3,0.84,0.93,1.17,A,na,3,0,1,2,1,0,1,0,0,0,0,0,0,0,0,0,0,0,0,0,0,0,0,0,0,,,,,,,,,,40.0,05/10/23,35.5,14/03/23,,,40.0,05/10/23,40.0,05/10/23,1100,0,0,0,0,0,0,40.0,40.0,05/10/2023,1,38.5,39.0,14/09/2023,3,29.5,35.5,14/03/2023,6,,,,,,,,,,,,,,,,,,,,,,,,,,,,,,,,,,,,,,,0,0,0,0,0,0,0,0,0,10,17,95,19,35,166,65,80,357,0,0,0,1100,1.0,56.5,1000,1.5,58.5,1000,3.1,58.0,,,,GOSF,3Y+MSW,KEMB,MAIDEN,BALT,2Y-MSW,,,SNITZEL,COURGETTE,CHARGE FORWARD,NEWCASTLE,,,2.20,1.80,16.00,,Scratched,05/10/23,21,,,,,,,,,,,1,1,2,0,0,0,0,0,1,0,0,0,,,,,
RANDWICK INS,7,TAB (BM72),1250,"60,000",BM-72,Claim,05.50 pm,25/10/2023,1,'9x56,6,5,9,,JULIAN ROCK (FR),2,60.5,41.00,74,72,52,7,10,13,19,dn,- 3.0,eq,8095,53,2,2,11,2,5,19,0,1,3,0,0,2,3,4,25,3,4,15,1,2,10,12,11,1,9,1,7,,,T & P VIGOUROUX,9,G,K. Mc Evoy,,M5,M4,1.10,1.19,1.05,C,na,3,1,3,11,1,1,9,1,1,6,0,1,5,0,0,4,1,1,3,3,3,14,1,1,6,26/10/2022,39.5,39.5,15/06/2022,43.0,43.0,10/03/2021,32.5,32.5,40.5,16/08/23,45.0,24/02/23,43.0,15/06/22,43.5,19/04/23,45.0,24/02/23,1100 (2) 1250 1300 1400 (2) 1600,3,3,16,1,5,26,38.5,38.5,02/09/2023,6,40.5,40.5,16/08/2023,5,36.5,36.5,06/05/2023,9,43.5,43.5,19/04/2023,3,42.5,42.5,10/04/2023,6,41.0,41.0,08/03/2023,6,45.0,45.0,24/02/2023,2,39.5,39.5,10/02/2023,6,44.0,44.0,20/01/2023,43.0,43.0,15/06/2022,41.0,41.0,26/05/2021,44.0,44.0,16/02/2020,41.5,41.5,26/12/2019,40.5,40.5,09/10/2019,40,88,497,65,150,733,1,2,8,1,2,9,1,4,13,9,22,100,0,0,1,1200,2.5,57.0,1100,2.8,61.0,1200,4.2,58.0,1300,0.5,59.0,RAND,BM-78,CANT,BM-72,GOSF,BM-78,WFRM,BM-78,INVINCIBLE SPIRIT (IRE),SONEVA (USA),CHEROKEE RUN (USA),HAWKESBURY,43.0,15/06/22,151,21.00,31.00,21.00,,20/01/23,14,15/06/22,21,26/05/21,7,16/02/20,29,26/12/19,15,09/10/19,15,1,0,4,0,1,1,4,3,18,2,6,29,62.5,60.0,59.5,59.5,
RANDWICK INS,7,TAB (BM72),1250,"60,000",BM-72,Claim,05.50 pm,25/10/2023,2,'x206,6,0,2,,LAVISH EMPIRE,5,60.0,5.50,95,99,8,2,3,25,38,eq,- 1.0,eq,15650,14,0,1,1,0,1,3,0,1,1,0,0,0,0,1,3,1,2,3,1,0,2,4,3,3,1,3,9,2,14,P & P SNOWDEN,4,G,J. Parr,,M7,M7,1.04,1.06,0.98,B,C,4,1,2,3,0,1,3,1,0,2,0,0,0,0,0,0,0,0,0,0,0,0,0,0,0,,,,,,,,,,45.0,06/09/23,45.5,17/05/23,43.0,21/01/23,45.0,06/09/23,45.5,17/05/23,1100 (2),1,2,5,0,0,1,43.5,43.5,11/10/2023,6,37.5,38.0,23/09/2023,10,44.5,45.0,06/09/2023,2,43.0,45.5,17/05/2023,1,35.5,38.0,29/04/2023,10,41.5,44.5,10/04/2023,3,38.5,43.0,21/01/2023,2,37.0,42.0,06/01/2023,1,,,,,,,,,,,,,,,,,,,23,53,239,53,93,402,1,2,3,35,95,355,234,459,1769,97,232,763,5,9,30,1200,1.7,60.0,1100,5.1,56.5,1150,1.3,60.0,1100,0.5,58.0,WFRM,BM-72,ROSE,BM-78,RANI,BM-72,WFRM,BM-72,SPIETH (NZ),KISSAME MUCHO,FASTNET ROCK,RANDWICK,45.0,06/09/23,4.50,9.00,4.00,5.50,,17/05/23,18,06/01/23,frs,,,,,,,,,1,0,2,1,2,4,0,1,2,0,0,0,56.5,57.5,56.0,57.5,
RANDWICK INS,7,TAB (BM72),1250,"60,000",BM-72,Claim,05.50 pm,25/10/2023,3,'x12x,2,1,,,SHOHEI,,59.5,,,,7,2,4,29,57,,,,13329,207,0,0,0,2,2,5,0,0,0,0,0,0,1,2,3,1,2,4,0,0,0,1,1,2,0,7,1,,,"M, W & J HAWKES",5,M,,,M3,M3,0.87,1.09,0.98,A,A,1,2,1,3,0,2,3,0,1,1,0,0,0,0,0,0,0,0,0,0,0,0,2,1,3,03/03/2023,42.0,43.5,21/09/2022,38.0,41.5,17/03/2022,35.0,41.0,,,47.5,01/04/23,41.5,21/09/22,43.5,03/03/23,41.5,21/09/22,1200 (2),0,1,1,0,1,1,46.5,47.5,01/04/2023,2,42.0,43.5,03/03/2023,1,35.0,38.0,11/11/2022,2,31.0,34.0,15/10/2022,6,38.0,41.5,21/09/2022,1,25.5,31.0,18/04/2022,3,35.0,41.0,17/03/2022,2,,,,,,,,,,,,,,,,,,,,,,,0,0,0,0,0,0,0,0,0,46,82,376,267,422,1589,79,135,580,0,0,0,1400,0.1,56.0,1200,0.8,59.0,1550,2.3,52.0,1200,4.4,57.0,BDGO,MS-SWP,NEWC,BM-64,CANT,BM-72,NEWC,CLS1,MIKKI ISLE (JPN),ZUBARA,ZABEEL (NZ),ROSEHILL,,,9.00,3.70,5.50,4.50,Scratched,03/03/23,112,21/09/22,156,,,,,,,,,1,2,4,1,0,1,0,2,2,0,0,0,58.0,57.0,56.5,,
RANDWICK INS,7,TAB (BM72),1250,"60,000",BM-72,Claim,05.50 pm,25/10/2023,4,'020x,0,2,0,,CLOUDLAND (NZ),3,58.5,13.00,84,82,8,3,3,38,38,eq,- 1.0,dn,10756,144,0,1,1,3,1,4,0,0,0,0,0,0,0,1,2,1,2,3,2,0,3,7,8,4,0,4,3,,,K A LEES,5,G,Dylan Gibbons,a0.0,G4,O2,0.89,1.00,0.95,B,D,1,2,1,3,1,0,2,0,2,2,0,0,1,0,0,0,0,0,0,0,0,0,2,1,3,18/03/2023,41.5,43.0,23/09/2022,38.5,42.0,29/04/2022,37.5,43.0,,,46.0,20/05/23,45.0,02/12/22,46.0,20/05/23,46.0,20/05/23,1200 1280 1300,0,1,2,0,1,2,33.5,34.0,03/06/2023,11,45.0,46.0,20/05/2023,2,20.0,21.0,08/04/2023,15,41.5,43.0,18/03/2023,2,42.5,45.0,02/12/2022,3,42.0,45.0,21/10/2022,1,38.5,42.0,23/09/2022,1,37.5,43.0,29/04/2022,1,,,,,,,,,,,,,,,,,,,56,119,529,98,180,810,1,0,1,20,57,237,145,361,1335,173,288,1154,33,54,217,1400,7.6,57.5,1250,0.2,62.0,1400,19.3,57.0,1400,3.5,56.0,ROSE,BM-72,NEWC,BM-64,RAND,SCON,KEMB,CL5-SW,SWISS ACE,COMMISERATE,CONGRATS (USA),NEWCASTLE,45.0,02/12/22,11.00,5.00,16.00,11.00,,21/10/22,28,23/09/22,147,29/04/22,frs,,,,,,,3,0,3,0,2,2,0,1,1,0,0,2,56.0,57.0,57.5,58.5,
RANDWICK INS,7,TAB (BM72),1250,"60,000",BM-72,Claim,05.50 pm,25/10/2023,5,'39x4,4,9,3,,GROWL,9,58.0,4.50,98,97,9,2,2,22,22,eq,- 1.0,eq,10722,14,0,0,0,1,1,5,0,0,0,0,0,0,2,2,7,0,0,2,0,0,0,3,4,6,2,6,12,4,8,P & P SNOWDEN,5,G,Tom Sherry,,S8,B7,0.93,1.07,0.98,B,C,2,1,1,4,0,1,2,1,0,2,0,0,1,0,0,0,0,0,0,0,0,0,0,1,2,10/06/2023,39.0,39.5,01/09/2021,30.5,41.0,,,,43.0,11/10/23,39.5,10/06/23,49.5,04/03/22,49.5,04/03/22,38.0,17/05/23,1100 1200,0,0,3,0,1,2,43.0,43.0,11/10/2023,4,29.0,29.5,28/06/2023,9,39.0,39.5,10/06/2023,3,37.0,38.0,17/05/2023,10,43.5,49.5,04/03/2022,1,33.5,43.5,13/10/2021,5,35.0,45.5,19/09/2021,1,30.5,41.0,01/09/2021,4,,,,,,,,,,,,,,,,,,,16,47,267,51,100,481,0,0,0,35,95,355,234,459,1769,97,232,763,7,11,34,1200,1.3,58.0,1400,10.8,58.0,1200,2.9,54.0,1100,4.7,58.0,WFRM,BM-72,WFRM,BM-72,RAND,BM-78,WFRM,BM-72,WRITTEN TYCOON,VERGARA,SNIPPETSON,RANDWICK,,,17.00,4.50,21.00,10.00,,04/03/22,142,19/09/21,18,,,,,,,,,1,0,1,0,0,2,1,1,3,0,1,3,58.5,57.0,58.0,58.0,
RANDWICK INS,7,TAB (BM72),1250,"60,000",BM-72,Claim,05.50 pm,25/10/2023,6,'9x47,7,4,9,,ITHADTOBEZOU,6,57.5,4.00,100,100,11,2,2,18,18,up,+  .0,dn,9807,14,0,1,1,2,2,8,0,1,1,0,0,0,0,0,3,2,2,6,0,0,2,2,2,8,4,2,2,1,17,J P THOMPSON,4,M,B. Prebble,,M4,M4,0.99,1.03,0.83,A,B,3,1,0,3,1,1,3,0,1,2,0,0,2,0,0,1,0,0,0,0,0,0,0,1,2,24/02/2023,43.5,47.0,17/08/2022,30.5,38.5,,,,43.0,27/09/23,47.0,24/02/23,39.0,29/06/22,47.0,24/02/23,47.0,24/02/23,1200 1250,0,0,1,0,0,2,40.5,40.5,11/10/2023,7,42.5,43.0,27/09/2023,4,33.5,36.0,13/05/2023,9,37.5,40.5,01/04/2023,9,43.5,47.0,24/02/2023,2,37.5,41.5,10/02/2023,1,35.5,40.0,20/01/2023,1,12.5,20.5,31/08/2022,12,,,,,,,,,,,,,,,,,,,24,60,277,40,98,391,0,0,2,12,24,149,99,160,629,49,74,417,0,0,3,1400,4.0,60.0,1200,2.2,58.0,1100,5.9,53.0,1200,5.5,54.0,WFRM,FMB-72,ROSE,BM-72,SCON,3F-LR,RAND,3F-G3,ZOUSTAR,DEFINE,LONHRO,RANDWICK,39.0,29/06/22,9.00,9.00,15.00,26.00,,10/02/23,21,20/01/23,142,,,,,,,,,0,0,1,1,0,1,0,2,6,1,0,3,59.0,59.0,58.0,57.0,
RANDWICK INS,7,TAB (BM72),1250,"60,000",BM-72,Claim,05.50 pm,25/10/2023,7,'0185,5,8,1,0,PURE HYDROGEN,8,57.5,41.00,75,73,13,3,1,23,8,up,+  .5,dn,5640,40,0,0,2,0,0,4,0,0,1,0,0,0,2,1,10,1,0,1,0,0,2,11,10,7,11,14,14,,,J P THOMPSON,4,G,Tyler Schiller,,S9,B9,0.79,0.82,0.95,B,B,5,0,0,4,1,0,3,1,0,2,0,0,2,1,0,1,0,1,1,0,0,0,1,0,1,24/02/2023,38.5,42.0,,,,,,,45.0,12/08/23,45.5,10/03/23,34.5,20/07/22,36.0,29/07/23,40.0,23/01/23,1400 1600 (2),0,0,0,0,0,0,36.0,36.5,15/09/2023,5,29.5,30.5,24/08/2023,8,44.0,45.0,12/08/2023,1,34.5,36.0,29/07/2023,12,42.5,45.5,10/03/2023,3,38.5,42.0,24/02/2023,1,38.5,42.5,07/02/2023,5,35.5,40.0,23/01/2023,1,,,,,,,,,,,,,,,,,,,63,130,584,125,246,1045,0,0,0,12,24,149,99,160,629,49,74,417,2,6,23,1600,6.7,60.0,1600,11.0,60.0,1600,1.8,58.0,1300,5.2,55.0,NEWC,BM-68,GOSF,BM-68,KEMB,BM-68,RAND,3YB-72,EXOSPHERE,SAMRA,WILY TRADER,RANDWICK,34.5,20/07/22,16.00,2.70,4.20,51.00,,12/08/23,14,24/02/23,17,23/01/23,12,,,,,,,2,1,4,1,0,1,0,0,2,0,0,6,59.5,57.5,57.0,57.5,
RANDWICK INS,7,TAB (BM72),1250,"60,000",BM-72,Claim,05.50 pm,25/10/2023,8,'5427,7,2,4,5,DIAMOND MODEL,1,57.0,21.00,82,83,12,3,2,25,17,up,+  .0,eq,8333,28,0,0,0,0,0,2,0,0,0,0,0,0,0,2,6,2,0,4,1,0,2,8,7,5,7,11,11,,,M S MINERVINI,4,M,J. R. Collett,,G5,O5,0.99,0.84,0.97,A,E,6,2,1,4,1,0,3,0,0,2,0,1,2,0,0,1,0,0,0,0,0,0,0,0,0,,,,,,,,,,47.5,22/06/23,45.0,03/02/23,43.5,05/09/22,42.0,27/09/23,47.5,22/06/23,1400 1429 1600,0,0,0,0,0,1,41.5,42.0,27/09/2023,7,44.0,45.0,16/08/2023,2,33.5,35.0,29/07/2023,4,44.5,46.0,12/07/2023,5,45.5,47.5,22/06/2023,1,36.5,39.5,01/03/2023,8,40.5,44.0,17/02/2023,4,41.0,45.0,03/02/2023,1,36.0,43.5,05/09/2022,,,,,,,,,,,,,,,,57,124,497,102,201,763,0,0,0,2,11,36,2,15,71,27,41,178,4,5,16,1300,3.9,59.5,1500,1.3,60.5,1600,5.0,58.0,1400,2.9,60.0,ROSE,FMB-72,SANL,FMB-64,MORP,3YB-64,SANL,FMB-70,AKEED MOFEED (GB),CAMINETTO,FASTNET ROCK,NEWCASTLE,,,9.00,4.00,2.80,11.00,,22/06/23,113,03/02/23,15,05/09/22,145,,,,,,,2,2,5,0,0,2,1,0,3,0,0,2,59.0,59.5,57.0,57.0,
RANDWICK INS,7,TAB (BM72),1250,"60,000",BM-72,Claim,05.50 pm,25/10/2023,9,'3310,0,1,3,3,SUNZOU,7,57.0,51.00,68,71,10,2,2,20,20,up,+  .0,eq,5248,25,0,0,0,1,1,3,0,0,0,0,0,0,1,2,8,0,0,1,1,0,1,13,12,11,6,10,13,,,NATHAN DOYLE,4,G,K. Jennings,,F1,F1,0.77,0.97,0.98,B,B,6,1,0,5,0,1,2,0,1,1,1,0,1,0,0,1,0,0,0,0,0,0,0,0,0,,,,,,,,,,43.0,14/09/23,41.5,31/03/23,32.5,20/01/23,43.0,14/09/23,41.5,31/03/23,1100 1200,0,0,0,0,0,2,37.5,38.0,30/09/2023,11,42.5,43.0,14/09/2023,1,41.5,42.5,26/08/2023,3,42.0,43.0,08/08/2023,3,39.5,41.0,20/07/2023,4,38.5,41.5,31/03/2023,9,28.0,32.5,20/01/2023,13,30.0,37.0,01/10/2022,10,35.5,43.0,21/09/2022,,,,,,,,,,,,,,,,3,5,55,69,108,454,1,0,2,10,17,95,19,35,166,65,80,357,20,14,66,1300,5.8,59.0,1200,1.5,59.0,1200,0.8,59.0,1100,0.3,59.0,NEWC,BM-68,KEMB,CLS1,KEMB,CLS1,HAWK,CLS1,ZOUSTAR,SUNDAY ROSE,EXCEED AND EXCEL,NEWCASTLE,,,4.20,2.70,1.60,5.50,,14/09/23,19,21/09/22,165,,,,,,,,,2,1,4,0,0,1,0,1,3,0,0,2,59.0,59.0,58.0,57.0,
RANDWICK INS,7,TAB (BM72),1250,"60,000",BM-72,Claim,05.50 pm,25/10/2023,10,'27x5,5,7,2,,SHADOWS OF LOVE,4,55.5,7.00,91,90,7,2,1,29,14,up,+ 1.0,up,10382,14,0,0,0,1,1,3,0,0,0,0,0,0,1,0,2,1,0,3,0,1,2,5,5,12,8,9,10,,,MS K WAUGH,4,M,Tommy Berry,,G2,O2,1.05,1.06,1.09,A,D,2,1,0,3,1,0,2,0,1,1,0,0,1,0,0,0,0,0,0,0,0,0,1,0,2,16/03/2023,42.0,45.0,24/09/2022,36.5,44.0,,,,43.5,11/10/23,45.0,16/03/23,44.0,24/09/22,45.0,16/03/23,45.0,16/03/23,1100 1200,0,0,0,0,0,0,43.5,43.5,11/10/2023,5,38.5,41.0,22/04/2023,7,41.5,44.5,05/04/2023,2,42.0,45.0,16/03/2023,1,39.5,42.5,04/03/2023,1,36.5,44.0,24/09/2022,4,35.5,43.0,08/09/2022,5,,,,,,,,,,,,,,,,,,,,,,,16,35,155,23,55,209,0,0,0,7,17,88,37,94,333,34,82,337,0,1,1,1100,1.5,57.5,1100,3.9,55.5,1300,0.1,56.5,1200,3.8,56.0,WFRM,FMB-72,HAWK,FMB-72,HAWK,3YB-68,GOSF,CLS1,DISSIDENT,SKY DAZZLE,WRITTEN TYCOON,WYONG,,,6.50,2.70,5.50,3.20,,16/03/23,12,04/03/23,161,,,,,,,,,2,0,4,0,1,1,0,0,2,0,0,0,56.5,55.0,55.5,,
RANDWICK INS,7,TAB (BM72),1250,"60,000",BM-72,Claim,05.50 pm,25/10/2023,11,'1331,1,3,3,1,HEADSTOCK,,56.5,,,,16,3,7,19,44,,,,6513,13,0,0,0,3,4,11,0,0,0,0,0,0,2,2,8,1,4,7,0,1,1,6,6,10,5,8,6,,,R & L PRICE,4,G,,,G4,O3,0.92,1.22,0.98,B,D,6,0,1,4,1,1,3,1,2,3,0,3,3,1,0,3,0,0,0,0,0,0,0,0,0,,,,,,,,,,43.5,12/10/23,42.5,31/03/23,44.0,04/08/22,43.5,12/10/23,44.0,04/08/22,1200 (3),0,0,0,0,0,0,43.5,43.5,12/10/2023,1,40.5,41.0,23/09/2023,3,41.5,42.0,09/09/2023,3,40.5,41.5,26/08/2023,1,37.5,38.5,12/08/2023,4,34.0,36.5,24/04/2023,8,39.5,42.5,31/03/2023,2,36.5,39.5,05/03/2023,1,,,,,,,,,,,,,,,,,,,0,0,0,0,0,0,0,0,0,5,11,70,19,48,194,41,79,374,0,0,0,1200,0.8,58.5,1200,1.4,58.5,1200,1.2,58.5,1200,0.5,56.5,KEMB,BM-64,KEMB,BM-64,KEMB,BM-64,KEMB,CLS1,HEADWATER,BLACK 'N' TOUGH,TOUGH SPEED (USA),KEMBLA GRANGE,,,6.00,4.50,4.50,8.50,Scratched,12/10/23,19,26/08/23,14,05/03/23,10,,,,,,,1,1,2,0,3,4,2,2,7,0,1,3,56.5,61.0,60.0,58.5,
RANDWICK INS,7,TAB (BM72),1250,"60,000",BM-72,Claim,05.50 pm,25/10/2023,12,'60x1,1,0,6,,PHAROAH MAGIC,,55.5,,,,4,1,1,25,25,,,,7903,13,0,0,0,1,0,2,0,0,0,0,0,0,1,1,4,0,0,0,0,0,0,9,9,14,10,13,4,,,A J CUMMINGS,4,G,,,G4,O5,0.92,1.15,0.98,B,A,2,1,1,2,0,0,1,0,0,1,0,0,0,0,0,0,0,0,0,0,0,0,0,0,1,26/12/2022,32.5,38.0,,,,,,,43.0,12/10/23,47.5,15/12/22,,,43.0,12/10/23,,,1200,0,0,0,0,0,0,43.0,43.0,12/10/2023,1,33.0,38.0,07/01/2023,13,32.5,38.0,26/12/2022,6,41.5,47.5,15/12/2022,2,,,,,,,,,,,,,,,,,,,,,,,,,,,,,,,,,,,0,0,0,0,0,0,0,0,0,7,19,126,73,125,547,34,46,262,0,0,0,1200,3.3,59.0,1200,5.3,56.0,1400,3.9,57.5,1100,0.1,57.5,KEMB,4Y+MSW,GCST,3Y+MSW,RAND,3Y-MDN,HAWK,MAIDEN,AMERICAN PHAROAH (USA),COULD IT BE MAGIC,EXCEED AND EXCEL,RANDWICK,,,2.10,61.00,9.00,4.70,Scratched,12/10/23,278,,,,,,,,,,,1,0,1,0,1,1,0,0,1,0,0,1,,,,,
RANDWICK INS,7,TAB (BM72),1250,"60,000",BM-72,Claim,05.50 pm,25/10/2023,13,'670x,0,7,6,,MANDALONG MISSILE,10,54.0,126,66,59,17,3,2,18,12,eq,- 2.5,dn,4716,189,0,0,0,0,0,1,0,0,0,0,0,0,0,0,4,2,2,10,1,0,3,14,14,13,0,12,8,,,G R NICKSON,4,M,A. B. Collett,,S9,B9,0.86,1.09,0.98,A,na,1,0,1,4,0,0,4,0,1,4,0,0,2,1,0,1,1,0,1,1,0,1,0,1,4,03/03/2023,42.5,45.5,13/08/2022,30.0,38.0,19/02/2022,30.0,43.5,,,45.5,03/03/23,49.5,08/11/22,,,49.5,08/11/22,1600 2000 (2),0,0,1,0,0,3,28.0,30.5,19/04/2023,10,37.5,40.5,28/03/2023,7,36.0,39.0,17/03/2023,6,42.5,45.5,03/03/2023,6,43.0,49.5,08/11/2022,1,38.5,45.5,21/10/2022,1,38.0,45.0,04/10/2022,1,17.0,24.5,16/09/2022,9,,,,,,,,,,,,,,,,,,,3,10,78,84,163,703,2,1,7,3,3,34,3,3,18,13,9,98,4,3,14,2130,12.2,54.0,2000,5.3,57.0,1600,6.9,59.0,1400,2.7,58.5,WFRM,BM-72,KEMB,BM-64,GOUL,BM-66,NEWC,BM-64,SMART MISSILE,MAGSAYA,DANEHILL DANCER (IRE),WARWICK FARM,,,101,9.00,7.00,26.00,,08/11/22,18,21/10/22,17,04/10/22,18,,,,,,,2,0,3,1,1,3,0,0,1,0,1,10,58.0,55.5,56.0,55.0,
RANDWICK INS,7,TAB (BM72),1250,"60,000",BM-72,Claim,05.50 pm,25/10/2023,14,'x304,4,0,3,,MOLLY NAILS,,57.5,,,,13,4,4,31,31,,,,12037,31,0,0,0,3,2,7,0,0,0,0,0,0,3,3,8,0,1,4,1,0,1,10,13,9,3,5,5,,,MATTHEW DALE,6,M,,,S9,B10,0.70,0.75,0.97,A,C,4,3,3,6,1,1,5,0,0,2,0,0,0,0,0,0,0,0,0,0,0,0,0,0,0,,,,,,,,,,42.0,12/08/23,46.0,30/07/22,45.0,26/01/22,46.0,30/07/22,46.0,30/07/22,1200 (3) 1400,0,0,0,0,1,4,40.5,40.5,24/09/2023,4,39.5,39.5,02/09/2023,12,42.0,42.0,12/08/2023,3,38.5,38.5,20/08/2022,5,45.5,46.0,30/07/2022,1,43.0,45.0,26/01/2022,4,42.5,44.5,03/01/2022,1,40.0,43.0,06/10/2021,3,36.0,42.5,19/02/2021,35.0,42.5,26/01/2021,,,,,,,,,,,,,0,0,0,0,0,0,0,0,0,6,14,79,39,70,294,34,59,257,0,0,0,1300,1.8,55.5,1100,4.0,56.5,1100,2.1,54.5,1200,2.9,53.0,BATH,BM-85,RAND,MSB-78,ROSE,BM-78,RAND,BM-78,TAVISTOCK (NZ),MARITIMO (NZ),PINS,GOULBURN,,,3.50,17.00,21.00,10.00,Scratched,30/07/22,185,03/01/22,89,19/02/21,24,26/01/21,135,,,,,3,1,6,0,0,1,1,1,3,0,2,3,57.5,58.5,57.5,56.5,
